group,timestamp,name,items,week_num,items_recipe_num,pk
afterlunch,2022-03-06 14:30:00Z,"Afterlunch on Sunday, March 06, 2022",[],9,"['102407', '44726.1', '14920', '82258.7']",1000
breakfast,2022-03-06 07:30:00Z,"Breakfast on Sunday, March 06, 2022","[1047, 1021, 1014, 1036, 1037, 1056, 1040]",9,"['2032.23', '18451.22', '616.22', '1125.10', '106415', '105032', '68467.1']",1001
dinner,2022-03-06 16:30:00Z,"Dinner on Sunday, March 06, 2022","[1208, 1236, 1238, 1223, 1240, 1266, 1293, 1276, 1156, 1182, 1146, 1149, 1172, 1110, 1123, 1102, 1119, 1085, 1077, 1068]",9,"['102098', '4490', '2402', '103772', '33992.8', '138982', '117004', '123763.1', '102554', '103757', '10514.6', '9285.5', '118988', '98833', '35685', '67966', '67985', '63438', '14957', '47955.4', '46017.23', '43037.3', '102407', '14920', '44726.1', '82258.7', '103630.1', '103411', '103616.1']",1002
lunch,2022-03-06 11:00:00Z,"Lunch on Sunday, March 06, 2022","[1403, 1420, 1413, 1412, 1380, 1406, 1432, 1433, 1442, 1359, 1364, 1146, 1349, 1357]",9,"['102346', '102070', '102562', '102370', '103607', '78386.9', '137554.1', '102558', '102648', '999.6', '3978', '10514.6', '63057', '11915']",1003
afterlunch,2022-03-07 14:30:00Z,"Afterlunch on Monday, March 07, 2022","[1644, 1645, 1639, 1074, 1072, 1080]",9,"['36694.2', '8414.39', '45858', '63438', '14957', '47955.4', '46017.23', '43037.3', '102407', '44726.1', '82258.7', '14920', '103643.1', '102800', '103644.1']",1004
breakfast,2022-03-07 07:30:00Z,"Breakfast on Monday, March 07, 2022","[1047, 1061, 1023, 1059, 1009, 1032, 1013, 1001, 1000]",9,"['2032.23', '105904', '3619', '5828.2', '108189', '5480.6', '29729.9', '47130.4', '128444']",1005
dinner,2022-03-07 16:30:00Z,"Dinner on Monday, March 07, 2022","[1197, 1212, 1256, 1046, 1233, 1292, 1264, 1542, 1148, 1503, 1499, 1074, 1072, 1080, 1667]",9,"['103957.3', '11343.5', '128686', '8621', '142444', '103930', '4263.13', '101971', '103274.1', '10518.2', '1462.11', '30876', '135004', '63438', '14957', '47955.4', '46017.23', '43037.3', '102407', '44726.1', '82258.7', '14920', '103643.1', '102800', '103644.1', '63969', '1390', '1251', '82259', '62284.1', '62279', '63512.1', '48144.1', '14910', '48144.27', '22792.4', '1748', '43037.1', '43034.1', '46017.25', '63438', '13404.4', '62339', '57425', '13404', '47955.4', '14918', '24644.5', '66851.7', '47957.20', '47957.10', '62369', '62363', '103601']",1006
lunch,2022-03-07 11:00:00Z,"Lunch on Monday, March 07, 2022","[1378, 1421, 1377, 1394, 1225, 1372, 1380, 1158, 1185, 1166, 1667]",9,"['4617', '118055', '16189.2', '105645', '23557', '117715', '102605', '74493', '103607', '41742.8', '14120.3', '5294.16', '102677', '37633.3', '63969', '1390', '1251', '82259', '62284.1', '62279', '63512.1', '48144.1', '14910', '48144.27', '22792.4', '1748', '43037.1', '43034.1', '46017.25', '63438', '13404.4', '62339', '57425', '13404', '47955.4', '14918', '24644.5', '66851.7', '47957.20', '47957.10', '62369', '62363', '103601']",1007
afterlunch,2022-03-08 14:30:00Z,"Afterlunch on Tuesday, March 08, 2022","[1302, 1307, 1318, 1069, 1082, 1087, 1076]",9,"['41798.1', '138463', '113305', '63438', '14957', '47955.4', '46017.23', '43037.3', '102407', '44726.1', '82258.7', '14920', '103574.1', '103896', '103586.1', '102811']",1008
breakfast,2022-03-08 07:30:00Z,"Breakfast on Tuesday, March 08, 2022","[1047, 1462, 1044, 1030, 1020, 1001, 1000]",9,"['2032.23', '102293', '102399', '122864', '568.7', '105616', '47130.4', '128444']",1009
dinner,2022-03-08 16:30:00Z,"Dinner on Tuesday, March 08, 2022","[1207, 1248, 1196, 1243, 1224, 1219, 1269, 1283, 1258, 1191, 1154, 1171, 1185, 1166, 1098, 1101, 1121, 1069, 1082, 1087, 1076, 1667]",9,"['16570.24', '35015.19', '4813.17', '8060.6', '138516.1', '102356', '103499', '23596.3', '5550', '95282', '103482', '103834', '109566', '102677', '37633.3', '785.1', '102526', '22663.6', '63438', '14957', '47955.4', '46017.23', '43037.3', '102407', '44726.1', '82258.7', '14920', '103574.1', '103896', '103586.1', '102811', '63969', '1390', '1251', '82259', '62284.1', '62279', '63512.1', '48144.1', '14910', '48144.27', '22792.4', '1748', '43037.1', '43034.1', '46017.25', '63438', '13404.4', '62339', '57425', '13404', '47955.4', '14918', '24644.5', '66851.7', '47957.20', '47957.10', '62369', '62363', '103601']",1010
lunch,2022-03-08 11:00:00Z,"Lunch on Tuesday, March 08, 2022","[1384, 1407, 1417, 1399, 1365, 1667, 1458, 1440, 1429, 1353, 1346, 1352, 1149, 1148, 1667]",9,"['121324', '103914', '104701.2', '42004', '47204', '13404', '112117', '3664.7', '1105', '49762', '105575', '41618.7', '102764', '32846', '102055.1', '2070.6', '9285.5', '10518.2', '63969', '1390', '1251', '82259', '62284.1', '62279', '63512.1', '48144.1', '14910', '48144.27', '22792.4', '1748', '43037.1', '43034.1', '46017.25', '63438', '13404.4', '62339', '57425', '13404', '47955.4', '14918', '24644.5', '66851.7', '47957.20', '47957.10', '62369', '62363', '103601']",1011
afterlunch,2022-03-09 14:30:00Z,"Afterlunch on Wednesday, March 09, 2022","[1326, 1313, 1314, 1074, 1066, 1084]",9,"['61233.7', '85240', '123406', '63438', '14957', '47955.4', '46017.23', '43037.3', '102407', '44726.1', '82258.7', '14920', '103643.1', '102802', '103897']",1012
breakfast,2022-03-09 07:30:00Z,"Breakfast on Wednesday, March 09, 2022","[1047, 1031, 1035, 1053, 1043, 1028, 1003, 1000]",9,"['2032.23', '129218', '22593.7', '608', '1178.9', '31169.3', '3308.1', '129895', '128444']",1013
dinner,2022-03-09 16:30:00Z,"Dinner on Wednesday, March 09, 2022","[1251, 1213, 1221, 1247, 1220, 1278, 1279, 1260, 1143, 1135, 1141, 1194, 1096, 1127, 1097, 1074, 1066, 1084, 1667]",9,"['3409.1', '3419', '102368', '22741.1', '14468', '80589.2', '103917.1', '38405.2', '41671.3', '16882.6', '6962.6', '120671.1', '82836.2', '10424.1', '768', '103771.4', '63438', '14957', '47955.4', '46017.23', '43037.3', '102407', '44726.1', '82258.7', '14920', '103643.1', '102802', '103897', '63969', '1390', '1251', '82259', '62284.1', '62279', '63512.1', '48144.1', '14910', '48144.27', '22792.4', '1748', '43037.1', '43034.1', '46017.25', '63438', '13404.4', '62339', '57425', '13404', '47955.4', '14918', '24644.5', '66851.7', '47957.20', '47957.10', '62369', '62363', '103601']",1014
lunch,2022-03-09 11:00:00Z,"Lunch on Wednesday, March 09, 2022","[1249, 1371, 1425, 1415, 1431, 1439, 1460, 1136, 1049, 1141, 1350, 1667]",9,"['4404', '103771', '139280', '104007', '123072', '28061', '129921', '129148', '44716', '553.15', '103333', '120671.1', '106464', '63969', '1390', '1251', '82259', '62284.1', '62279', '63512.1', '48144.1', '14910', '48144.27', '22792.4', '1748', '43037.1', '43034.1', '46017.25', '63438', '13404.4', '62339', '57425', '13404', '47955.4', '14918', '24644.5', '66851.7', '47957.20', '47957.10', '62369', '62363', '103601']",1015
afterlunch,2022-03-10 14:30:00Z,"Afterlunch on Thursday, March 10, 2022","[1310, 1315, 1325, 1327, 1085, 1071, 1079, 1067]",9,"['68742', '37320', '138954', '27213', '63438', '14957', '47955.4', '46017.23', '43037.3', '102407', '44726.1', '82258.7', '14920', '103630.1', '67991.2', '102671', '102810']",1016
breakfast,2022-03-10 07:30:00Z,"Breakfast on Thursday, March 10, 2022","[1047, 1060, 1063, 1012, 1042, 1049, 1003, 1000]",9,"['2032.23', '105904.3', '23375.1', '57569', '106424', '103333', '129895', '128444']",1017
dinner,2022-03-10 16:30:00Z,"Dinner on Thursday, March 10, 2022","[1230, 1229, 1252, 1043, 1258, 1282, 1267, 1137, 1176, 1187, 1170, 1131, 1118, 1125, 1120, 1085, 1071, 1079, 1067, 1667]",9,"['66514', '28951', '110573', '28985', '31169.3', '5550', '104943', '103767', '16844.1', '33569.3', '31020', '35106.7', '45535', '80565.3', '114692.1', '114583', '105268', '63438', '14957', '47955.4', '46017.23', '43037.3', '102407', '44726.1', '82258.7', '14920', '103630.1', '67991.2', '102671', '102810', '63969', '1390', '1251', '82259', '62284.1', '62279', '63512.1', '48144.1', '14910', '48144.27', '22792.4', '1748', '43037.1', '43034.1', '46017.25', '63438', '13404.4', '62339', '57425', '13404', '47955.4', '14918', '24644.5', '66851.7', '47957.20', '47957.10', '62369', '62363', '103601']",1018
lunch,2022-03-10 11:00:00Z,"Lunch on Thursday, March 10, 2022","[1418, 1424, 1348, 1367, 1387, 1257, 1441, 1449, 1443, 1329, 1223, 1135, 1193, 1151, 1667]",9,"['123384', '120978.11', '101498', '1813.13', '50861', '5864.1', '80589.5', '128118', '83803.1', '103392', '103772', '6962.6', '19437', '22656.1', '63969', '1390', '1251', '82259', '62284.1', '62279', '63512.1', '48144.1', '14910', '48144.27', '22792.4', '1748', '43037.1', '43034.1', '46017.25', '63438', '13404.4', '62339', '57425', '13404', '47955.4', '14918', '24644.5', '66851.7', '47957.20', '47957.10', '62369', '62363', '103601']",1019
afterlunch,2022-03-11 14:30:00Z,"Afterlunch on Friday, March 11, 2022","[1306, 1311, 1308, 1074, 1297, 1298]",9,"['86527', '26924.1', '1301', '63438', '14957', '47955.4', '46017.23', '43037.3', '102407', '44726.1', '82258.7', '14920', '103643.1', '103574.3', '68050.2']",1020
breakfast,2022-03-11 07:30:00Z,"Breakfast on Friday, March 11, 2022","[1047, 1008, 1015, 1058, 1034, 1046]",9,"['2032.23', '106402', '615.28', '5828', '5496.3', '8621', '610.22']",1021
dinner,2022-03-11 16:30:00Z,"Dinner on Friday, March 11, 2022","[1214, 1206, 1101, 1218, 1250, 1667, 1277, 1284, 1294, 1184, 1189, 1155, 1192, 1142, 1167, 1093, 1095, 1111, 1667]",9,"['103331', '104313', '102526', '45933', '102312', '13404', '3661', '112117', '3664.7', '1105', '29089.4', '102639', '103446.1', '12986.5', '104701', '36157', '47193', '28746', '100225.1', '100209.2', '5802', '47778.2', '105263', '100715.3', '32811', '34078', '63438', '14957', '47955.4', '46017.23', '43037.3', '102407', '44726.1', '82258.7', '14920', '63969', '1390', '1251', '82259', '62284.1', '62279', '63512.1', '48144.1', '14910', '48144.27', '22792.4', '1748', '43037.1', '43034.1', '46017.25', '63438', '13404.4', '62339', '57425', '13404', '47955.4', '14918', '24644.5', '66851.7', '47957.20', '47957.10', '62369', '62363', '103601']",1022
lunch,2022-03-11 11:00:00Z,"Lunch on Friday, March 11, 2022","[1368, 1161, 1409, 1025, 1404, 1428, 1154, 1427, 1132, 1336, 1142, 1167, 1667]",9,"['103865', '103420', '70499', '103422', '5168', '130555', '103834', '87663', '5427.42', '103930', '50923.10', '101946', '47778.2', '105263', '63969', '1390', '1251', '82259', '62284.1', '62279', '63512.1', '48144.1', '14910', '48144.27', '22792.4', '1748', '43037.1', '43034.1', '46017.25', '63438', '13404.4', '62339', '57425', '13404', '47955.4', '14918', '24644.5', '66851.7', '47957.20', '47957.10', '62369', '62363', '103601']",1023
afterlunch,2022-03-12 14:30:00Z,"Afterlunch on Saturday, March 12, 2022",[],9,"['102407', '44726.1', '82258.7', '14920']",1024
breakfast,2022-03-12 07:30:00Z,"Breakfast on Saturday, March 12, 2022","[1047, 1038, 1050, 1035, 1024, 1029]",9,"['2032.23', '112291', '116941', '608', '39880', '48619.1']",1025
dinner,2022-03-12 16:30:00Z,"Dinner on Saturday, March 12, 2022","[1215, 1202, 1042, 1234, 1246, 1271, 1272, 1273, 1147, 1176, 1183, 1193, 1151, 1114, 1105, 1124]",9,"['4696.5', '21538', '106424', '102718', '9002.10', '103376', '103930', '35019.6', '14403.24', '138742.1', '31020', '43933', '19437', '22656.1', '15994', '138956', '103635', '63438', '14957', '47955.4', '46017.23', '43037.3', '102407', '44726.1', '82258.7', '14920']",1026
lunch,2022-03-12 11:00:00Z,"Lunch on Saturday, March 12, 2022","[1379, 1400, 1414, 1411, 1410, 1365, 1447, 1445, 1457, 1343, 1154, 1331, 1362, 1131]",9,"['4941', '103879', '103906', '63056', '102289', '47204', '112139', '49508.4', '10963', '5864.7', '58022.6', '103834', '94598.1', '43969', '80565.3']",1027
afterlunch,2022-03-13 14:30:00Z,"Afterlunch on Sunday, March 13, 2022",[],10,"['102407', '44726.1', '14920', '82258.7']",1028
breakfast,2022-03-13 07:30:00Z,"Breakfast on Sunday, March 13, 2022","[1047, 1026, 1018, 1017, 1036, 1054, 1027]",10,"['2032.23', '31163.28', '18994.9', '134651', '1125.10', '5786.6', '611.3']",1029
dinner,2022-03-13 16:30:00Z,"Dinner on Sunday, March 13, 2022","[1198, 1217, 1241, 1235, 1049, 1272, 1259, 1280, 1138, 1161, 1169, 1164, 1144, 1126, 1110, 1108, 1074, 1081, 1085]",10,"['4850', '35997.1', '59008.1', '102199', '103333', '35019.6', '139038', '35016.1', '106352', '103420', '103752', '17687', '103718.1', '102358', '98833', '100472', '63438', '14957', '47955.4', '46017.23', '43037.3', '102407', '14920', '44726.1', '82258.7', '103643.1', '102815', '103630.1']",1030
lunch,2022-03-13 11:00:00Z,"Lunch on Sunday, March 13, 2022","[1395, 1348, 1388, 1391, 1291, 1401, 1430, 1343, 1444, 1344, 1136, 1246, 1164, 1144]",10,"['43964', '101498', '30018', '42395.1', '68265', '97343.1', '61478', '58022.6', '103523', '103836', '553.15', '9002.10', '17687', '103718.1']",1031
afterlunch,2022-03-14 14:30:00Z,"Afterlunch on Monday, March 14, 2022","[1304, 1300, 1110, 1085, 1078, 1075]",10,"['21527', '49663.1', '98833', '63438', '14957', '47955.4', '46017.23', '43037.3', '102407', '44726.1', '82258.7', '14920', '103630.1', '103412', '103581.1']",1032
breakfast,2022-03-14 07:30:00Z,"Breakfast on Monday, March 14, 2022","[1047, 1048, 1056, 1022, 1035, 1037, 1005, 1004, 1000]",10,"['2032.23', '5595', '105032', '128369', '608', '106415', '78123.3', '139032', '128444']",1033
dinner,2022-03-14 16:30:00Z,"Dinner on Monday, March 14, 2022","[1199, 1242, 1203, 1232, 1158, 1227, 1288, 1289, 1285, 1139, 1133, 1178, 1162, 1173, 1117, 1130, 1122, 1085, 1078, 1075, 1667]",10,"['102507', '18551.7', '109675', '138629', '5294.16', '79474', '103926', '102039', '26649.1', '102964', '108002.2', '525.21', '33992.71', '5326.1', '10514.9', '133176.1', '134256', '4503', '63438', '14957', '47955.4', '46017.23', '43037.3', '102407', '44726.1', '82258.7', '14920', '103630.1', '103412', '103581.1', '63969', '1390', '1251', '82259', '62284.1', '62279', '63512.1', '48144.1', '14910', '48144.27', '22792.4', '1748', '43037.1', '43034.1', '46017.25', '63438', '13404.4', '62339', '57425', '13404', '47955.4', '14918', '24644.5', '66851.7', '47957.20', '47957.10', '62369', '62363', '103601']",1034
lunch,2022-03-14 11:00:00Z,"Lunch on Monday, March 14, 2022","[1392, 1389, 1419, 1366, 1373, 1396, 1438, 1451, 1437, 1351, 1348, 1335, 1162, 1173, 1667]",10,"['86422.3', '50894', '102616', '102690', '103731', '86904.2', '105460', '139413', '123763', '112288', '101498', '103731.2', '5326.1', '10514.9', '63969', '1390', '1251', '82259', '62284.1', '62279', '63512.1', '48144.1', '14910', '48144.27', '22792.4', '1748', '43037.1', '43034.1', '46017.25', '63438', '13404.4', '62339', '57425', '13404', '47955.4', '14918', '24644.5', '66851.7', '47957.20', '47957.10', '62369', '62363', '103601']",1035
afterlunch,2022-03-15 14:30:00Z,"Afterlunch on Tuesday, March 15, 2022","[1305, 1319, 1320, 1323, 1074, 1065, 1083, 1064]",10,"['120206', '82157.15', '30876.8', '103749', '63438', '14957', '47955.4', '46017.23', '43037.3', '102407', '44726.1', '82258.7', '14920', '103643.1', '103329', '32830.2', '7857.2']",1036
breakfast,2022-03-15 07:30:00Z,"Breakfast on Tuesday, March 15, 2022","[1047, 1011, 1006, 1044, 1052, 1232, 1013, 1004, 1000]",10,"['2032.23', '17194.4', '4820.7', '122864', '114599', '138629', '29729.9', '139032', '128444']",1037
dinner,2022-03-15 16:30:00Z,"Dinner on Tuesday, March 15, 2022","[1210, 1225, 1101, 1255, 1250, 1020, 1291, 1270, 1184, 1179, 1150, 1195, 1145, 1115, 1100, 1116, 1074, 1065, 1083, 1064, 1667]",10,"['48842', '23557', '102526', '12274.9', '102312', '105616', '68265', '76011.1', '12986.5', '62597', '102530', '43185.3', '102676', '35515.3', '87697', '28961.1', '2081', '63438', '14957', '47955.4', '46017.23', '43037.3', '102407', '44726.1', '82258.7', '14920', '103643.1', '103329', '32830.2', '7857.2', '63969', '1390', '1251', '82259', '62284.1', '62279', '63512.1', '48144.1', '14910', '48144.27', '22792.4', '1748', '43037.1', '43034.1', '46017.25', '63438', '13404.4', '62339', '57425', '13404', '47955.4', '14918', '24644.5', '66851.7', '47957.20', '47957.10', '62369', '62363', '103601']",1038
lunch,2022-03-15 11:00:00Z,"Lunch on Tuesday, March 15, 2022","[1375, 1402, 1423, 1416, 1219, 1446, 1426, 1454, 1334, 1355, 1360, 1195, 1145, 1667]",10,"['49443.5', '1354', '3407', '102520', '102356', '123906', '100715.1', '21775', '102764', '123177', '103446.3', '5721', '102676', '35515.3', '63969', '1390', '1251', '82259', '62284.1', '62279', '63512.1', '48144.1', '14910', '48144.27', '22792.4', '1748', '43037.1', '43034.1', '46017.25', '63438', '13404.4', '62339', '57425', '13404', '47955.4', '14918', '24644.5', '66851.7', '47957.20', '47957.10', '62369', '62363', '103601']",1039
afterlunch,2022-03-16 14:30:00Z,"Afterlunch on Wednesday, March 16, 2022","[1322, 1328, 1312, 1069, 1068, 1086]",10,"['32415.4', '22637', '103920', '63438', '14957', '47955.4', '46017.23', '43037.3', '102407', '44726.1', '82258.7', '14920', '103574.1', '103616.1', '103580.1']",1040
breakfast,2022-03-16 07:30:00Z,"Breakfast on Wednesday, March 16, 2022","[1047, 1055, 1057, 1024, 1041, 1002, 1000]",10,"['2032.23', '129558', '22593.7', '8735', '39880', '74516', '47130.6', '128444']",1041
dinner,2022-03-16 16:30:00Z,"Dinner on Wednesday, March 16, 2022","[1254, 1204, 1228, 1222, 1216, 1257, 1275, 1286, 1287, 1132, 1181, 1046, 1153, 1175, 1113, 1106, 1107, 1069, 1068, 1086, 1667]",10,"['106574', '105613', '102422', '25735.9', '28644', '5864.1', '141713', '123726', '59000', '14935.35', '50923.10', '103816', '8621', '134987', '112583', '45178', '42392.8', '34113', '63438', '14957', '47955.4', '46017.23', '43037.3', '102407', '44726.1', '82258.7', '14920', '103574.1', '103616.1', '103580.1', '63969', '1390', '1251', '82259', '62284.1', '62279', '63512.1', '48144.1', '14910', '48144.27', '22792.4', '1748', '43037.1', '43034.1', '46017.25', '63438', '13404.4', '62339', '57425', '13404', '47955.4', '14918', '24644.5', '66851.7', '47957.20', '47957.10', '62369', '62363', '103601']",1042
lunch,2022-03-16 11:00:00Z,"Lunch on Wednesday, March 16, 2022","[1383, 1390, 1422, 1381, 1386, 1448, 1434, 1380, 1338, 1339, 1358, 1330, 1175, 1667]",10,"['103924', '102094', '33225.1', '134325', '23463.4', '112154', '102994.15', '103607', '34595', '103448', '102743.2', '4792.1', '112583', '63969', '1390', '1251', '82259', '62284.1', '62279', '63512.1', '48144.1', '14910', '48144.27', '22792.4', '1748', '43037.1', '43034.1', '46017.25', '63438', '13404.4', '62339', '57425', '13404', '47955.4', '14918', '24644.5', '66851.7', '47957.20', '47957.10', '62369', '62363', '103601']",1043
afterlunch,2022-03-17 14:30:00Z,"Afterlunch on Thursday, March 17, 2022","[1317, 1249, 1052, 1074, 1073, 1087, 1070]",10,"['120723', '103771', '114599', '63438', '14957', '47955.4', '46017.23', '43037.3', '102407', '44726.1', '82258.7', '14920', '103643.1', '103619.1', '103586.1', '106089.44']",1044
breakfast,2022-03-17 07:30:00Z,"Breakfast on Thursday, March 17, 2022","[1047, 1020, 1051, 1012, 1053, 1025, 1002, 1000]",10,"['2032.23', '105616', '142236', '57569', '1178.9', '103422', '47130.6', '128444']",1045
dinner,2022-03-17 16:30:00Z,"Dinner on Thursday, March 17, 2022","[1200, 1245, 1244, 1211, 1226, 1231, 1262, 1274, 1281, 1180, 1159, 1158, 1190, 1157, 1099, 1112, 1105, 1074, 1073, 1087, 1070, 1667]",10,"['102487.1', '21742', '82609.2', '105748', '103390', '61177', '135824', '28870', '75761.3', '27288', '117903.1', '5294.16', '35080.10', '111.1', '5541.16', '141888', '138956', '63438', '14957', '47955.4', '46017.23', '43037.3', '102407', '44726.1', '82258.7', '14920', '103643.1', '103619.1', '103586.1', '106089.44', '63969', '1390', '1251', '82259', '62284.1', '62279', '63512.1', '48144.1', '14910', '48144.27', '22792.4', '1748', '43037.1', '43034.1', '46017.25', '63438', '13404.4', '62339', '57425', '13404', '47955.4', '14918', '24644.5', '66851.7', '47957.20', '47957.10', '62369', '62363', '103601']",1046
lunch,2022-03-17 11:00:00Z,"Lunch on Thursday, March 17, 2022","[1370, 1255, 1382, 1393, 1247, 1385, 1452, 1453, 1285, 1345, 1335, 1340, 1190, 1157, 1667]",10,"['106629', '12274.9', '19723.1', '102010', '22741.1', '18183.2', '144407', '103930', '130516', '102964', '105917', '103731.2', '61769.1', '35080.10', '111.1', '63969', '1390', '1251', '82259', '62284.1', '62279', '63512.1', '48144.1', '14910', '48144.27', '22792.4', '1748', '43037.1', '43034.1', '46017.25', '63438', '13404.4', '62339', '57425', '13404', '47955.4', '14918', '24644.5', '66851.7', '47957.20', '47957.10', '62369', '62363', '103601']",1047
afterlunch,2022-03-18 14:30:00Z,"Afterlunch on Friday, March 18, 2022","[1309, 1316, 1324, 1085, 1296, 1299]",10,"['4451.23', '21182', '110034', '63438', '14957', '47955.4', '46017.23', '43037.3', '102407', '44726.1', '82258.7', '14920', '103630.1', '67979.3', '68050.7']",1048
breakfast,2022-03-18 07:30:00Z,"Breakfast on Friday, March 18, 2022","[1047, 1062, 1016, 1058, 1042, 1039]",10,"['2032.23', '102750', '101631', '5828', '106424', '103955']",1049
dinner,2022-03-18 16:30:00Z,"Dinner on Friday, March 18, 2022","[1253, 1249, 1046, 1205, 1263, 1268, 1192, 1136, 1041, 1134, 1165, 1128, 1109, 1124, 1667]",10,"['58134', '103771', '83580', '8621', '14450', '1261', '3368.6', '6951', '105264', '5802', '115088', '553.15', '74516', '55091', '34995', '3994.5', '765', '103635', '63438', '14957', '47955.4', '46017.23', '43037.3', '102407', '44726.1', '82258.7', '14920', '63969', '1390', '1251', '82259', '62284.1', '62279', '63512.1', '48144.1', '14910', '48144.27', '22792.4', '1748', '43037.1', '43034.1', '46017.25', '63438', '13404.4', '62339', '57425', '13404', '47955.4', '14918', '24644.5', '66851.7', '47957.20', '47957.10', '62369', '62363', '103601']",1050
lunch,2022-03-18 11:00:00Z,"Lunch on Friday, March 18, 2022","[1397, 1398, 1294, 1046, 1243, 1219, 1456, 1436, 1257, 1333, 1363, 1361, 1356, 1342, 1337, 1667]",10,"['5376', '6858', '103446.1', '8621', '8060.6', '102356', '48376.8', '103804', '5864.1', '47608.5', '47608.6', '103791', '49503.17', '5150.2', '74147.4', '63969', '1390', '1251', '82259', '62284.1', '62279', '63512.1', '48144.1', '14910', '48144.27', '22792.4', '1748', '43037.1', '43034.1', '46017.25', '63438', '13404.4', '62339', '57425', '13404', '47955.4', '14918', '24644.5', '66851.7', '47957.20', '47957.10', '62369', '62363', '103601']",1051
afterlunch,2022-03-19 14:30:00Z,"Afterlunch on Saturday, March 19, 2022","[1074, 1084, 1066]",10,"['102407', '44726.1', '82258.7', '14920', '103643.1', '103897', '102802']",1052
breakfast,2022-03-19 07:30:00Z,"Breakfast on Saturday, March 19, 2022","[1047, 1007, 1044, 1034, 1046, 1010]",10,"['2032.23', '128116', '122864', '5496.3', '8621', '92347']",1053
dinner,2022-03-19 16:30:00Z,"Dinner on Saturday, March 19, 2022","[1209, 1237, 1221, 1239, 1201, 1290, 1295, 1228, 1186, 1101, 1168, 1163, 1140, 1103, 1053, 1104]",10,"['124682', '102068', '102368', '33992.116', '103183', '33843.7', '56881.11', '102422', '40779.2', '102526', '1008', '36001', '18398', '10958', '1178.9', '74678.5', '63438', '14957', '47955.4', '46017.23', '43037.3', '102407', '44726.1', '82258.7', '14920']",1054
lunch,2022-03-19 11:00:00Z,"Lunch on Saturday, March 19, 2022","[1405, 1408, 1374, 1369, 1043, 1450, 1435, 1178, 1347, 1332, 1364, 1163, 1140]",10,"['122828.2', '8968.5', '80411', '139259', '31169.3', '103497.1', '7901', '33992.71', '111769', '4831', '3978', '36001', '18398']",1055
afterlunch,2022-03-20 14:30:00Z,"Afterlunch on Sunday, March 20, 2022",[],11,"['102407', '44726.1', '14920', '82258.7']",1056
breakfast,2022-03-20 07:30:00Z,"Breakfast on Sunday, March 20, 2022","[1047, 1056, 1036, 1040]",11,"['2032.23', '32972.1', '105032', '4864', '103832', '1125.10', '68467.1']",1057
dinner,2022-03-20 16:30:00Z,"Dinner on Sunday, March 20, 2022","[1422, 1336, 1424, 1457, 1418, 1228, 1502, 1110, 1123, 1085, 1077, 1080]",11,"['5183', '18249', '33225.1', '101946', '1512.12', '120978.11', '129403', '5864.7', '123384', '102422', '42395', '118009.1', '118053', '49200.1', '98833', '35685', '63438', '14957', '47955.4', '46017.23', '43037.3', '102407', '14920', '44726.1', '82258.7', '103630.1', '103411', '103644.1']",1058
lunch,2022-03-20 11:00:00Z,"Lunch on Sunday, March 20, 2022","[1659, 1666, 1410, 1179, 1046]",11,"['725', '41001.12', '102293', '102303', '102289', '3872.17', '100715.2', '41510.3', '35996.5', '18068.2', '778.5', '102530', '8621', '12753.10', '38709.1']",1059
afterlunch,2022-03-21 14:30:00Z,"Afterlunch on Monday, March 21, 2022","[1644, 1645, 1639, 1074, 1087]",11,"['36694.2', '8414.39', '45858', '63438', '14957', '47955.4', '46017.23', '43037.3', '102407', '44726.1', '82258.7', '14920', '103643.1', '102324', '103586.1']",1060
breakfast,2022-03-21 07:30:00Z,"Breakfast on Monday, March 21, 2022","[1047, 1023, 1057, 1032, 1028, 1001, 1000]",11,"['2032.23', '76164.5', '3619', '8735', '8018.19', '5480.6', '3308.1', '47130.4', '128444']",1061
dinner,2022-03-21 16:30:00Z,"Dinner on Monday, March 21, 2022","[1419, 1366, 1438, 1503, 1499, 1074, 1087, 1667]",11,"['4001.3', '102616', '102690', '103915', '49739', '78386.3', '128128', '105460', '114038', '9630.11', '68471.2', '28068', '49477', '4644', '1462.11', '30876', '135004', '63438', '14957', '47955.4', '46017.23', '43037.3', '102407', '44726.1', '82258.7', '14920', '103643.1', '102324', '103586.1', '63969', '1390', '1251', '82259', '62284.1', '62279', '63512.1', '48144.1', '14910', '48144.27', '22792.4', '1748', '43037.1', '43034.1', '46017.25', '63438', '13404.4', '62339', '57425', '13404', '47955.4', '14918', '24644.5', '66851.7', '47957.20', '47957.10', '62369', '62363', '103601']",1062
lunch,2022-03-21 11:00:00Z,"Lunch on Monday, March 21, 2022","[1039, 1582, 1192, 1667]",11,"['103963', '102355', '33795.4', '19571.8', '103955', '32974.7', '28655', '5401.9', '80829', '143820.2', '25821.7', '5802', '100209.2', '49477', '4644', '63969', '1390', '1251', '82259', '62284.1', '62279', '63512.1', '48144.1', '14910', '48144.27', '22792.4', '1748', '43037.1', '43034.1', '46017.25', '63438', '13404.4', '62339', '57425', '13404', '47955.4', '14918', '24644.5', '66851.7', '47957.20', '47957.10', '62369', '62363', '103601']",1063
afterlunch,2022-03-22 14:30:00Z,"Afterlunch on Tuesday, March 22, 2022","[1302, 1307, 1318, 1069, 1082, 1489, 1495]",11,"['41798.1', '138463', '113305', '63438', '14957', '47955.4', '46017.23', '43037.3', '102407', '44726.1', '82258.7', '14920', '103574.1', '103896', '103629.1', '102809']",1064
breakfast,2022-03-22 07:30:00Z,"Breakfast on Tuesday, March 22, 2022","[1047, 1476, 1056, 1058, 1030, 1020, 1001, 1000]",11,"['2032.23', '23378.4', '105032', '134656', '5828', '568.7', '105616', '47130.4', '128444']",1065
dinner,2022-03-22 16:30:00Z,"Dinner on Tuesday, March 22, 2022","[1596, 1600, 1576, 1043, 1609, 1371, 1442, 1650, 1402, 1223, 1525, 1547, 1098, 1101, 1121, 1069, 1082, 1489, 1495, 1667]",11,"['102359', '8965', '1120.3', '138462', '31169.3', '103377.1', '139280', '102648', '103954', '1354', '103772', '1486.9', '17727.2', '785.1', '102526', '22663.6', '63438', '14957', '47955.4', '46017.23', '43037.3', '102407', '44726.1', '82258.7', '14920', '103574.1', '103896', '103629.1', '102809', '63969', '1390', '1251', '82259', '62284.1', '62279', '63512.1', '48144.1', '14910', '48144.27', '22792.4', '1748', '43037.1', '43034.1', '46017.25', '63438', '13404.4', '62339', '57425', '13404', '47955.4', '14918', '24644.5', '66851.7', '47957.20', '47957.10', '62369', '62363', '103601']",1066
lunch,2022-03-22 11:00:00Z,"Lunch on Tuesday, March 22, 2022","[1701, 1364, 1683, 1685, 1365, 1718, 1734, 1187, 1668, 1670, 1666, 1525, 1547, 1667]",11,"['138913', '3978', '29703.5', '108470', '36567', '111958', '47204', '103377', '106420', '35106.7', '105740', '40429', '102303', '1486.9', '17727.2', '63969', '1390', '1251', '82259', '62284.1', '62279', '63512.1', '48144.1', '14910', '48144.27', '22792.4', '1748', '43037.1', '43034.1', '46017.25', '63438', '13404.4', '62339', '57425', '13404', '47955.4', '14918', '24644.5', '66851.7', '47957.20', '47957.10', '62369', '62363', '103601']",1067
afterlunch,2022-03-23 14:30:00Z,"Afterlunch on Wednesday, March 23, 2022","[1326, 1313, 1314, 1074, 1066, 1084]",11,"['61233.7', '85240', '123406', '63438', '14957', '47955.4', '46017.23', '43037.3', '102407', '44726.1', '82258.7', '14920', '103643.1', '102802', '103897']",1068
breakfast,2022-03-23 07:30:00Z,"Breakfast on Wednesday, March 23, 2022","[1047, 1021, 1035, 1053, 1373, 1003, 1000]",11,"['2032.23', '18451.22', '22593.7', '608', '1178.9', '103731', '129895', '128444']",1069
dinner,2022-03-23 16:30:00Z,"Dinner on Wednesday, March 23, 2022","[1580, 1604, 1585, 1557, 1595, 1556, 1610, 1568, 1101, 1121, 1537, 1545, 1520, 1096, 1127, 1097, 1074, 1066, 1084, 1667]",11,"['16856.71', '32393.1', '8248', '102295', '102288', '4746', '76164.2', '102498', '102526', '103492', '89540.2', '22663.6', '23896.3', '84439', '117872', '10424.1', '768', '103771.4', '63438', '14957', '47955.4', '46017.23', '43037.3', '102407', '44726.1', '82258.7', '14920', '103643.1', '102802', '103897', '63969', '1390', '1251', '82259', '62284.1', '62279', '63512.1', '48144.1', '14910', '48144.27', '22792.4', '1748', '43037.1', '43034.1', '46017.25', '63438', '13404.4', '62339', '57425', '13404', '47955.4', '14918', '24644.5', '66851.7', '47957.20', '47957.10', '62369', '62363', '103601']",1070
lunch,2022-03-23 11:00:00Z,"Lunch on Wednesday, March 23, 2022","[1675, 1690, 1689, 1698, 1692, 1721, 1715, 1672, 1230, 1323, 1673, 1533, 1656, 1667]",11,"['45381.1', '3587', '97644', '14455', '518.1', '41001.10', '65371.3', '38405', '101976', '66514', '103749', '61318.4', '10664.6', '102505', '63969', '1390', '1251', '82259', '62284.1', '62279', '63512.1', '48144.1', '14910', '48144.27', '22792.4', '1748', '43037.1', '43034.1', '46017.25', '63438', '13404.4', '62339', '57425', '13404', '47955.4', '14918', '24644.5', '66851.7', '47957.20', '47957.10', '62369', '62363', '103601']",1071
afterlunch,2022-03-24 14:30:00Z,"Afterlunch on Thursday, March 24, 2022","[1310, 1315, 1325, 1327, 1085, 1075, 1496, 1067]",11,"['68742', '37320', '138954', '27213', '63438', '14957', '47955.4', '46017.23', '43037.3', '102407', '44726.1', '82258.7', '14920', '103630.1', '103581.1', '102453', '102810']",1072
breakfast,2022-03-24 07:30:00Z,"Breakfast on Thursday, March 24, 2022","[1047, 1471, 1016, 1467, 1042, 1049, 1003, 1000]",11,"['2032.23', '129218.7', '101631', '5303', '106424', '103333', '129895', '128444']",1073
dinner,2022-03-24 16:30:00Z,"Dinner on Thursday, March 24, 2022","[1593, 1563, 1570, 1564, 1569, 1558, 1623, 1408, 1616, 1528, 1544, 1549, 1330, 1541, 1118, 1125, 1120, 1085, 1075, 1496, 1067, 1667]",11,"['25091.8', '46092.6', '117005', '4955.4', '102096.2', '41844', '23414.3', '8968.5', '31350.5', '16856.47', '103800', '102775', '4792.1', '45934', '114692.1', '114583', '105268', '63438', '14957', '47955.4', '46017.23', '43037.3', '102407', '44726.1', '82258.7', '14920', '103630.1', '103581.1', '102453', '102810', '63969', '1390', '1251', '82259', '62284.1', '62279', '63512.1', '48144.1', '14910', '48144.27', '22792.4', '1748', '43037.1', '43034.1', '46017.25', '63438', '13404.4', '62339', '57425', '13404', '47955.4', '14918', '24644.5', '66851.7', '47957.20', '47957.10', '62369', '62363', '103601']",1074
lunch,2022-03-24 11:00:00Z,"Lunch on Thursday, March 24, 2022","[1706, 1680, 1707, 1423, 1587, 1729, 1416, 1738, 1661, 1101, 1671, 1545, 1330, 1667]",11,"['66723', '17949', '33992.64', '3407', '79439', '128129', '102520', '141537', '102495', '47193', '102526', '1120.4', '84439', '4792.1', '63969', '1390', '1251', '82259', '62284.1', '62279', '63512.1', '48144.1', '14910', '48144.27', '22792.4', '1748', '43037.1', '43034.1', '46017.25', '63438', '13404.4', '62339', '57425', '13404', '47955.4', '14918', '24644.5', '66851.7', '47957.20', '47957.10', '62369', '62363', '103601']",1075
afterlunch,2022-03-25 14:30:00Z,"Afterlunch on Friday, March 25, 2022","[1306, 1311, 1308, 1074, 1079, 1497]",11,"['86527', '26924.1', '1301', '63438', '14957', '47955.4', '46017.23', '43037.3', '102407', '44726.1', '82258.7', '14920', '103643.1', '102671', '68050.4']",1076
breakfast,2022-03-25 07:30:00Z,"Breakfast on Friday, March 25, 2022","[1047, 1479, 1466, 1058, 1052, 1046, 1027]",11,"['2032.23', '129218.1', '86831', '5828', '114599', '8621', '611.3']",1077
dinner,2022-03-25 16:30:00Z,"Dinner on Friday, March 25, 2022","[1571, 1560, 1101, 1568, 1410, 1592, 1632, 1612, 1615, 1538, 1546, 1543, 1555, 1280, 1093, 1095, 1111, 1074, 1079, 1497, 1667]",11,"['105362.5', '112586', '102526', '102498', '102289', '100190.3', '41281.11', '22160', '60967.2', '10820.1', '122828.3', '103522', '110645', '35089', '35016.1', '100715.3', '32811', '34078', '63438', '14957', '47955.4', '46017.23', '43037.3', '102407', '44726.1', '82258.7', '14920', '103643.1', '102671', '68050.4', '63969', '1390', '1251', '82259', '62284.1', '62279', '63512.1', '48144.1', '14910', '48144.27', '22792.4', '1748', '43037.1', '43034.1', '46017.25', '63438', '13404.4', '62339', '57425', '13404', '47955.4', '14918', '24644.5', '66851.7', '47957.20', '47957.10', '62369', '62363', '103601']",1078
lunch,2022-03-25 11:00:00Z,"Lunch on Friday, March 25, 2022","[1709, 1231, 1034, 1681, 1742, 1717, 1726, 1652, 1662, 1616, 1555, 1280, 1667]",11,"['38243', '75890', '61177', '5496.3', '5859.11', '130431', '47482.1', '126355.3', '138735', '8971', '31350.5', '35089', '35016.1', '63969', '1390', '1251', '82259', '62284.1', '62279', '63512.1', '48144.1', '14910', '48144.27', '22792.4', '1748', '43037.1', '43034.1', '46017.25', '63438', '13404.4', '62339', '57425', '13404', '47955.4', '14918', '24644.5', '66851.7', '47957.20', '47957.10', '62369', '62363', '103601']",1079
afterlunch,2022-03-26 14:30:00Z,"Afterlunch on Saturday, March 26, 2022",[],11,"['102407', '44726.1', '82258.7', '14920']",1080
breakfast,2022-03-26 07:30:00Z,"Breakfast on Saturday, March 26, 2022","[1047, 1478, 1484, 1463, 1468, 1041]",11,"['2032.23', '129848', '138786', '78840.1', '43721', '74516']",1081
dinner,2022-03-26 16:30:00Z,"Dinner on Saturday, March 26, 2022","[1559, 1605, 1285, 1046, 1235, 1587, 1626, 1570, 1043, 1618, 1551, 1136, 1523, 1533, 1513, 1114, 1105, 1124, 1069, 1490, 1492]",11,"['31233.7', '129842.1', '102964', '8621', '102199', '79439', '54590', '117005', '31169.3', '110317.1', '57449.10', '553.15', '30398.3', '10664.6', '106421', '15994', '138956', '103635', '63438', '14957', '47955.4', '46017.23', '43037.3', '102407', '44726.1', '82258.7', '14920', '103574.1', '103624.1', '102801']",1082
lunch,2022-03-26 11:00:00Z,"Lunch on Saturday, March 26, 2022","[1693, 1249, 1699, 1049, 1410, 1286, 1243, 1733, 1663, 1154, 1178, 1654, 1513]",11,"['22587.7', '103771', '103326', '103333', '102289', '344.11', '123726', '8060.6', '59470', '5912.12', '103834', '33992.71', '102405', '106421']",1083
afterlunch,2022-03-27 14:30:00Z,"Afterlunch on Sunday, March 27, 2022",[],12,"['102407', '44726.1', '14920', '82258.7']",1084
breakfast,2022-03-27 07:30:00Z,"Breakfast on Sunday, March 27, 2022","[1047, 1056, 1469, 1036, 1053, 1043, 1013, 1594, 1566, 1470, 1036, 1023, 1474]",12,"['2032.23', '105032', '138787', '1125.10', '1178.9', '31169.3', '29729.9', '139524', '19214.2', '139278', '1125.10', '3619', '69553', '36205']",1085
dinner,2022-03-27 16:30:00Z,"Dinner on Sunday, March 27, 2022","[1625, 1627, 1620, 1631, 1540, 1511, 1554, 1516, 1553, 1126, 1110, 1108, 1074, 1081, 1075]",12,"['2402.13', '103399', '123763.2', '140061', '119131.3', '18314.4', '103139', '62161', '102330.1', '102358', '98833', '100472', '63438', '14957', '47955.4', '46017.23', '43037.3', '102407', '14920', '44726.1', '82258.7', '103643.1', '102815', '103581.1']",1086
lunch,2022-03-27 11:00:00Z,"Lunch on Sunday, March 27, 2022","[1686, 1679, 1702, 1568, 1708, 1441, 1720, 1660, 1132, 1664, 1516, 1553]",12,"['103695', '16861.2', '110115.2', '102498', '103200', '1105', '105622', '80589.5', '87637', '85896', '2296', '10632.5', '50923.10', '94796.1', '62161', '102330.1']",1087
afterlunch,2022-03-28 14:30:00Z,"Afterlunch on Monday, March 28, 2022","[1304, 1300, 1110, 1085, 1078, 1487]",12,"['21527', '49663.1', '98833', '63438', '14957', '47955.4', '46017.23', '43037.3', '102407', '44726.1', '82258.7', '14920', '103630.1', '103412', '112307']",1088
breakfast,2022-03-28 07:30:00Z,"Breakfast on Monday, March 28, 2022","[1047, 1475, 1056, 1461, 1057, 1470, 1482, 1004, 1000, 1586, 1603, 1348, 1565, 1599, 1582]",12,"['2032.23', '3652', '105032', '138894.6', '8735', '139278', '1011', '139032', '128444', '10895.16', '49508', '101498', '4957', '123728', '5401.9']",1089
dinner,2022-03-28 16:30:00Z,"Dinner on Monday, March 28, 2022","[1611, 1621, 1223, 1521, 1241, 1377, 1517, 1531, 1117, 1130, 1122, 1085, 1078, 1487, 1667]",12,"['123375', '22087.1', '103772', '106632', '59008.1', '16189.2', '112520', '120503', '133176.1', '134256', '4503', '63438', '14957', '47955.4', '46017.23', '43037.3', '102407', '44726.1', '82258.7', '14920', '103630.1', '103412', '112307', '63969', '1390', '1251', '82259', '62284.1', '62279', '63512.1', '48144.1', '14910', '48144.27', '22792.4', '1748', '43037.1', '43034.1', '46017.25', '63438', '13404.4', '62339', '57425', '13404', '47955.4', '14918', '24644.5', '66851.7', '47957.20', '47957.10', '62369', '62363', '103601']",1090
lunch,2022-03-28 11:00:00Z,"Lunch on Monday, March 28, 2022","[1711, 1260, 1713, 1666, 1682, 1401, 1723, 1728, 1740, 1669, 1417, 1339, 1667, 1192, 1667]",12,"['16856.14', '38405.2', '102608', '102303', '106472', '97343.1', '28963.1', '3634.4', '123296', '1529', '104701.2', '103448', '13404', '5802', '100225.1', '15954.16', '63969', '1390', '1251', '82259', '62284.1', '62279', '63512.1', '48144.1', '14910', '48144.27', '22792.4', '1748', '43037.1', '43034.1', '46017.25', '63438', '13404.4', '62339', '57425', '13404', '47955.4', '14918', '24644.5', '66851.7', '47957.20', '47957.10', '62369', '62363', '103601']",1091
afterlunch,2022-03-29 14:30:00Z,"Afterlunch on Tuesday, March 29, 2022","[1305, 1319, 1320, 1323, 1074, 1493, 1494, 1064]",12,"['120206', '82157.15', '30876.8', '103749', '63438', '14957', '47955.4', '46017.23', '43037.3', '102407', '44726.1', '82258.7', '14920', '103643.1', '103634.1', '103628.2', '7857.2']",1092
breakfast,2022-03-29 07:30:00Z,"Breakfast on Tuesday, March 29, 2022","[1047, 1477, 1473, 1044, 1052, 1483, 1474, 1004, 1000, 1561, 1598, 1572, 1243, 1562]",12,"['2032.23', '5457.1', '134654', '122864', '114599', '109492', '69553', '139032', '128444', '32588.3', '39732.7', '98217', '8060.6', '108890']",1093
dinner,2022-03-29 16:30:00Z,"Dinner on Tuesday, March 29, 2022","[1629, 1445, 1619, 1512, 1522, 1181, 1548, 1355, 1115, 1100, 1116, 1074, 1493, 1494, 1064, 1667]",12,"['103647', '10963', '118394', '6948', '47223', '103816', '95402', '103446.3', '87697', '28961.1', '2081', '63438', '14957', '47955.4', '46017.23', '43037.3', '102407', '44726.1', '82258.7', '14920', '103643.1', '103634.1', '103628.2', '7857.2', '63969', '1390', '1251', '82259', '62284.1', '62279', '63512.1', '48144.1', '14910', '48144.27', '22792.4', '1748', '43037.1', '43034.1', '46017.25', '63438', '13404.4', '62339', '57425', '13404', '47955.4', '14918', '24644.5', '66851.7', '47957.20', '47957.10', '62369', '62363', '103601']",1094
lunch,2022-03-29 11:00:00Z,"Lunch on Tuesday, March 29, 2022","[1700, 1710, 1695, 1046, 1677, 1719, 1722, 1731, 1648, 1101, 1121, 1531, 1355, 1667]",12,"['142272', '6938.3', '42004.3', '8621', '3872', '4916.3', '58730', '139328', '47064.1', '95398', '102526', '22663.6', '120503', '103446.3', '63969', '1390', '1251', '82259', '62284.1', '62279', '63512.1', '48144.1', '14910', '48144.27', '22792.4', '1748', '43037.1', '43034.1', '46017.25', '63438', '13404.4', '62339', '57425', '13404', '47955.4', '14918', '24644.5', '66851.7', '47957.20', '47957.10', '62369', '62363', '103601']",1095
afterlunch,2022-03-30 14:30:00Z,"Afterlunch on Wednesday, March 30, 2022","[1322, 1328, 1312, 1069, 1491, 1080]",12,"['32415.4', '22637', '103920', '63438', '14957', '47955.4', '46017.23', '43037.3', '102407', '44726.1', '82258.7', '14920', '103574.1', '103620.1', '103644.1']",1096
breakfast,2022-03-30 07:30:00Z,"Breakfast on Wednesday, March 30, 2022","[1047, 1464, 1058, 1042, 1043, 1002, 1000, 1405, 1549, 1374, 1590, 1574]",12,"['2032.23', '129565', '22593.7', '5828', '106424', '31169.3', '47130.6', '128444', '122828.2', '102775', '80411', '103697', '126854.1']",1097
dinner,2022-03-30 16:30:00Z,"Dinner on Wednesday, March 30, 2022","[1633, 1622, 1628, 1515, 1510, 1444, 1536, 1532, 1113, 1106, 1107, 1069, 1491, 1080, 1667]",12,"['117879', '24580.4', '8621.22', '4929', '1307.10', '103523', '117998', '55837.1', '45178', '42392.8', '34113', '63438', '14957', '47955.4', '46017.23', '43037.3', '102407', '44726.1', '82258.7', '14920', '103574.1', '103620.1', '103644.1', '63969', '1390', '1251', '82259', '62284.1', '62279', '63512.1', '48144.1', '14910', '48144.27', '22792.4', '1748', '43037.1', '43034.1', '46017.25', '63438', '13404.4', '62339', '57425', '13404', '47955.4', '14918', '24644.5', '66851.7', '47957.20', '47957.10', '62369', '62363', '103601']",1098
lunch,2022-03-30 11:00:00Z,"Lunch on Wednesday, March 30, 2022","[1676, 1293, 1703, 1714, 1696, 1736, 1610, 1724, 1659, 1544, 1658, 1649, 1532, 1667]",12,"['3555.17', '117004', '103930', '12946', '103782', '5360.7', '129963', '76164.2', '106468', '725', '103800', '105204', '83792.1', '55837.1', '63969', '1390', '1251', '82259', '62284.1', '62279', '63512.1', '48144.1', '14910', '48144.27', '22792.4', '1748', '43037.1', '43034.1', '46017.25', '63438', '13404.4', '62339', '57425', '13404', '47955.4', '14918', '24644.5', '66851.7', '47957.20', '47957.10', '62369', '62363', '103601']",1099
afterlunch,2022-03-31 14:30:00Z,"Afterlunch on Thursday, March 31, 2022","[1317, 1249, 1052, 1074, 1079, 1087, 1488]",12,"['120723', '103771', '114599', '63438', '14957', '47955.4', '46017.23', '43037.3', '102407', '44726.1', '82258.7', '14920', '103643.1', '102671', '103586.1', '106089.46']",1100
breakfast,2022-03-31 07:30:00Z,"Breakfast on Thursday, March 31, 2022","[1047, 1472, 1023, 1012, 1024, 1025, 1027, 1002, 1000, 1602, 1591, 1415, 1294, 1181]",12,"['2032.23', '139190', '3619', '57569', '39880', '103422', '611.3', '47130.6', '128444', '123369', '103494', '123072', '103446.1', '103816']",1101
dinner,2022-03-31 16:30:00Z,"Dinner on Thursday, March 31, 2022","[1394, 1617, 1607, 1539, 1550, 1158, 1516, 1534, 1099, 1112, 1105, 1074, 1079, 1087, 1488, 1667]",12,"['105645', '138566', '24210.1', '24468.9', '123446.3', '28232', '5294.16', '62161', '35831.1', '5541.16', '141888', '138956', '63438', '14957', '47955.4', '46017.23', '43037.3', '102407', '44726.1', '82258.7', '14920', '103643.1', '102671', '103586.1', '106089.46', '63969', '1390', '1251', '82259', '62284.1', '62279', '63512.1', '48144.1', '14910', '48144.27', '22792.4', '1748', '43037.1', '43034.1', '46017.25', '63438', '13404.4', '62339', '57425', '13404', '47955.4', '14918', '24644.5', '66851.7', '47957.20', '47957.10', '62369', '62363', '103601']",1102
lunch,2022-03-31 11:00:00Z,"Lunch on Thursday, March 31, 2022","[1704, 1712, 1705, 1371, 1179, 1401, 1716, 1737, 1735, 1730, 1653, 1655, 1381, 1516, 1534, 1667]",12,"['117901', '13417', '1514', '139280', '102530', '97343.1', '127978', '28819', '558.2', '139037', '103998', '78758', '134325', '62161', '35831.1', '63969', '1390', '1251', '82259', '62284.1', '62279', '63512.1', '48144.1', '14910', '48144.27', '22792.4', '1748', '43037.1', '43034.1', '46017.25', '63438', '13404.4', '62339', '57425', '13404', '47955.4', '14918', '24644.5', '66851.7', '47957.20', '47957.10', '62369', '62363', '103601']",1103
afterlunch,2022-04-01 14:30:00Z,"Afterlunch on Friday, April 01, 2022","[1309, 1316, 1324, 1085, 1066, 1636]",12,"['4451.23', '21182', '110034', '63438', '14957', '47955.4', '46017.23', '43037.3', '102407', '44726.1', '82258.7', '14920', '103630.1', '102802', '68050.3']",1104
breakfast,2022-04-01 07:30:00Z,"Breakfast on Friday, April 01, 2022","[1047, 1048, 1462, 1035, 1480, 1039, 1474, 1597, 1579, 1573, 1581, 1575, 1606]",12,"['2032.23', '5595', '102399', '608', '139321', '103955', '69553', '51287.3', '105425', '29670.1', '30533.1', '104003', '69473']",1105
dinner,2022-04-01 16:30:00Z,"Dinner on Friday, April 01, 2022","[1630, 1608, 1568, 1530, 1159, 1410, 1514, 1519, 1128, 1109, 1124, 1667]",12,"['130471', '130443', '102498', '100231.1', '80005.2', '117903.1', '102289', '8081.2', '35092.3', '3994.5', '765', '103635', '63438', '14957', '47955.4', '46017.23', '43037.3', '102407', '44726.1', '82258.7', '14920', '63969', '1390', '1251', '82259', '62284.1', '62279', '63512.1', '48144.1', '14910', '48144.27', '22792.4', '1748', '43037.1', '43034.1', '46017.25', '63438', '13404.4', '62339', '57425', '13404', '47955.4', '14918', '24644.5', '66851.7', '47957.20', '47957.10', '62369', '62363', '103601']",1106
lunch,2022-04-01 11:00:00Z,"Lunch on Friday, April 01, 2022","[1697, 1687, 1685, 1410, 1732, 1739, 1725, 1651, 1544, 1665, 1514, 1519, 1667]",12,"['23596.13', '103406', '106596', '36567', '102289', '27123', '103474', '18287', '33569.5', '103800', '74515', '8081.2', '35092.3', '63969', '1390', '1251', '82259', '62284.1', '62279', '63512.1', '48144.1', '14910', '48144.27', '22792.4', '1748', '43037.1', '43034.1', '46017.25', '63438', '13404.4', '62339', '57425', '13404', '47955.4', '14918', '24644.5', '66851.7', '47957.20', '47957.10', '62369', '62363', '103601']",1107
afterlunch,2022-04-02 14:30:00Z,"Afterlunch on Saturday, April 02, 2022","[1074, 1086, 1492]",12,"['102407', '44726.1', '82258.7', '14920', '103643.1', '103580.1', '102801']",1108
breakfast,2022-04-02 07:30:00Z,"Breakfast on Saturday, April 02, 2022","[1047, 1485, 1465, 1058, 1481, 1046, 1028, 1577, 1567, 1588, 1223, 1229]",12,"['2032.23', '71291', '102510', '5828', '139272', '8621', '3308.1', '123292', '58730.3', '4489.5', '103772', '28951']",1109
dinner,2022-04-02 16:30:00Z,"Dinner on Saturday, April 02, 2022","[1624, 1425, 1614, 1529, 1154, 1526, 1518, 1527, 1103, 1053, 1104]",12,"['93541.1', '104007', '83581', '33917', '103834', '119228.1', '5070.1', '104005', '10958', '1178.9', '74678.5', '63438', '14957', '47955.4', '46017.23', '43037.3', '102407', '44726.1', '82258.7', '14920']",1110
lunch,2022-04-02 11:00:00Z,"Lunch on Saturday, April 02, 2022","[1694, 1684, 1688, 1678, 1043, 1613, 1741, 1727, 1427, 1650, 1672, 1348, 1518, 1520]",12,"['84777.26', '38115', '88694.1', '103495', '31169.3', '129401', '117594.1', '105418', '87663', '103954', '101976', '101498', '5070.1', '117872']",1111
