,group,timestamp,name,items,week_num,items_recipe_num,pk,num_missing_Dish,num_bad_units,num_missing_FDA,bad_units
0,afterlunch,2022-03-06 14:30:00Z,"Afterlunch on Sunday, March 06, 2022",[],9,"['102407', '44726.1', '14920', '82258.7']",1000,4,0.0,4.0,
1,breakfast,2022-03-06 07:30:00Z,"Breakfast on Sunday, March 06, 2022","[1030, 1012, 1022, 1037, 1025]",9,"['2032.23', '18451.22', '616.22', '1125.10', '106415', '105032', '68467.1']",1001,2,2.0,0.0,"['2 each', '2 each']"
2,dinner,2022-03-06 16:30:00Z,"Dinner on Sunday, March 06, 2022","[1126, 1145, 1147, 1135, 1149, 1169, 1188, 1177, 1076, 1102, 1066, 1069, 1092, 1047, 1050]",9,"['102098', '4490', '2402', '103772', '33992.8', '138982', '117004', '123763.1', '102554', '103757', '10514.6', '9285.5', '118988', '98833', '35685', '67966', '67985', '63438', '14957', '47955.4', '46017.23', '43037.3', '102407', '14920', '44726.1', '82258.7', '103630.1', '103411', '103616.1']",1002,14,5.0,9.0,"['1 slice', '1 slice', '1 slice', '1 slice', '1 slice']"
3,lunch,2022-03-06 11:00:00Z,"Lunch on Sunday, March 06, 2022","[1272, 1286, 1279, 1278, 1252, 1503, 1296, 1303, 1233, 1238, 1066, 1223, 1231]",9,"['102346', '102070', '102562', '102370', '103607', '78386.9', '137554.1', '102558', '102648', '999.6', '3978', '10514.6', '63057', '11915']",1003,1,2.0,0.0,"['2 each', '1 serving(s)']"
4,afterlunch,2022-03-07 14:30:00Z,"Afterlunch on Monday, March 07, 2022","[1436, 1433]",9,"['36694.2', '8414.39', '45858', '63438', '14957', '47955.4', '46017.23', '43037.3', '102407', '44726.1', '82258.7', '14920', '103643.1', '102800', '103644.1']",1004,13,4.0,9.0,"['1/2 sandwich', '1 slice', '1 slice', '1 slice']"
5,breakfast,2022-03-07 07:30:00Z,"Breakfast on Monday, March 07, 2022","[1030, 1038, 1005, 1020, 1008, 1000]",9,"['2032.23', '105904', '3619', '5828.2', '108189', '5480.6', '29729.9', '47130.4', '128444']",1005,3,3.0,0.0,"['3 each', '1 each', '1 plate']"
6,dinner,2022-03-07 16:30:00Z,"Dinner on Monday, March 07, 2022","[1117, 1128, 1163, 1029, 1167, 1359, 1068, 1457]",9,"['103957.3', '11343.5', '128686', '8621', '142444', '103930', '4263.13', '101971', '103274.1', '10518.2', '1462.11', '30876', '135004', '63438', '14957', '47955.4', '46017.23', '43037.3', '102407', '44726.1', '82258.7', '14920', '103643.1', '102800', '103644.1', '63969', '1390', '1251', '82259', '62284.1', '62279', '63512.1', '48144.1', '14910', '48144.27', '22792.4', '1748', '43037.1', '43034.1', '46017.25', '63438', '13404.4', '62339', '57425', '13404', '47955.4', '14918', '24644.5', '66851.7', '47957.20', '47957.10', '62369', '62363', '103601']",1006,46,8.0,37.0,"['1 slice', '1 each', '1/2 sandwich', '4 ounce', '1 serving(s)', '1 slice', '1 slice', '1 slice']"
7,lunch,2022-03-07 11:00:00Z,"Lunch on Monday, March 07, 2022","[1250, 1249, 1266, 1244, 1252, 1078, 1105, 1086, 1457]",9,"['4617', '118055', '16189.2', '105645', '23557', '117715', '102605', '74493', '103607', '41742.8', '14120.3', '5294.16', '102677', '37633.3', '63969', '1390', '1251', '82259', '62284.1', '62279', '63512.1', '48144.1', '14910', '48144.27', '22792.4', '1748', '43037.1', '43034.1', '46017.25', '63438', '13404.4', '62339', '57425', '13404', '47955.4', '14918', '24644.5', '66851.7', '47957.20', '47957.10', '62369', '62363', '103601']",1007,34,2.0,32.0,"['2 each', '1 each']"
8,afterlunch,2022-03-08 14:30:00Z,"Afterlunch on Tuesday, March 08, 2022",[1197],9,"['41798.1', '138463', '113305', '63438', '14957', '47955.4', '46017.23', '43037.3', '102407', '44726.1', '82258.7', '14920', '103574.1', '103896', '103586.1', '102811']",1008,15,6.0,9.0,"['1 each', '1/2 each', '1 slice', '1 slice', '1 slice', '1 piece']"
9,breakfast,2022-03-08 07:30:00Z,"Breakfast on Tuesday, March 08, 2022","[1030, 1019, 1011, 1000]",9,"['2032.23', '102293', '102399', '122864', '568.7', '105616', '47130.4', '128444']",1009,4,3.0,1.0,"['2 each', '2 each', '1 plate']"
10,dinner,2022-03-08 16:30:00Z,"Dinner on Tuesday, March 08, 2022","[1157, 1116, 1152, 1136, 1172, 1111, 1074, 1091, 1105, 1086, 1042, 1049, 1457]",9,"['16570.24', '35015.19', '4813.17', '8060.6', '138516.1', '102356', '103499', '23596.3', '5550', '95282', '103482', '103834', '109566', '102677', '37633.3', '785.1', '102526', '22663.6', '63438', '14957', '47955.4', '46017.23', '43037.3', '102407', '44726.1', '82258.7', '14920', '103574.1', '103896', '103586.1', '102811', '63969', '1390', '1251', '82259', '62284.1', '62279', '63512.1', '48144.1', '14910', '48144.27', '22792.4', '1748', '43037.1', '43034.1', '46017.25', '63438', '13404.4', '62339', '57425', '13404', '47955.4', '14918', '24644.5', '66851.7', '47957.20', '47957.10', '62369', '62363', '103601']",1010,47,9.0,38.0,"['1 each', '1 each', '1 serving(s)', '1 half', '1 serving(s)', '1 slice', '1 slice', '1 slice', '1 piece']"
11,lunch,2022-03-08 11:00:00Z,"Lunch on Tuesday, March 08, 2022","[1256, 1283, 1457, 1294, 1227, 1220, 1226, 1069, 1068, 1457]",9,"['121324', '103914', '104701.2', '42004', '47204', '13404', '112117', '3664.7', '1105', '49762', '105575', '41618.7', '102764', '32846', '102055.1', '2070.6', '9285.5', '10518.2', '63969', '1390', '1251', '82259', '62284.1', '62279', '63512.1', '48144.1', '14910', '48144.27', '22792.4', '1748', '43037.1', '43034.1', '46017.25', '63438', '13404.4', '62339', '57425', '13404', '47955.4', '14918', '24644.5', '66851.7', '47957.20', '47957.10', '62369', '62363', '103601']",1011,37,6.0,30.0,"['1 each', '1 piece', '2 each', '1 each', '1 each', '1 oz portion']"
12,afterlunch,2022-03-09 14:30:00Z,"Afterlunch on Wednesday, March 09, 2022","[1195, 1196]",9,"['61233.7', '85240', '123406', '63438', '14957', '47955.4', '46017.23', '43037.3', '102407', '44726.1', '82258.7', '14920', '103643.1', '102802', '103897']",1012,13,4.0,9.0,"['1/2 each', '1 slice', '1 piece', '1 slice']"
13,breakfast,2022-03-09 07:30:00Z,"Breakfast on Wednesday, March 09, 2022","[1030, 1034, 1028, 1017, 1002]",9,"['2032.23', '129218', '22593.7', '608', '1178.9', '31169.3', '3308.1', '129895', '128444']",1013,4,4.0,0.0,"['1 each', '2 each', '3 slice', '1 plate']"
14,dinner,2022-03-09 16:30:00Z,"Dinner on Wednesday, March 09, 2022","[1160, 1129, 1133, 1156, 1178, 1165, 1063, 1057, 1061, 1114, 1051, 1041, 1457]",9,"['3409.1', '3419', '102368', '22741.1', '14468', '80589.2', '103917.1', '38405.2', '41671.3', '16882.6', '6962.6', '120671.1', '82836.2', '10424.1', '768', '103771.4', '63438', '14957', '47955.4', '46017.23', '43037.3', '102407', '44726.1', '82258.7', '14920', '103643.1', '102802', '103897', '63969', '1390', '1251', '82259', '62284.1', '62279', '63512.1', '48144.1', '14910', '48144.27', '22792.4', '1748', '43037.1', '43034.1', '46017.25', '63438', '13404.4', '62339', '57425', '13404', '47955.4', '14918', '24644.5', '66851.7', '47957.20', '47957.10', '62369', '62363', '103601']",1014,44,6.0,38.0,"['1 each', '1 serving(s)', '1 each', '1 slice', '1 piece', '1 slice']"
15,lunch,2022-03-09 11:00:00Z,"Lunch on Wednesday, March 09, 2022","[1158, 1243, 1290, 1281, 1295, 1301, 1312, 1032, 1061, 1224, 1457]",9,"['4404', '103771', '139280', '104007', '123072', '28061', '129921', '129148', '44716', '553.15', '103333', '120671.1', '106464', '63969', '1390', '1251', '82259', '62284.1', '62279', '63512.1', '48144.1', '14910', '48144.27', '22792.4', '1748', '43037.1', '43034.1', '46017.25', '63438', '13404.4', '62339', '57425', '13404', '47955.4', '14918', '24644.5', '66851.7', '47957.20', '47957.10', '62369', '62363', '103601']",1015,31,1.0,30.0,['1/2 each']
16,afterlunch,2022-03-10 14:30:00Z,"Afterlunch on Thursday, March 10, 2022",[1202],9,"['68742', '37320', '138954', '27213', '63438', '14957', '47955.4', '46017.23', '43037.3', '102407', '44726.1', '82258.7', '14920', '103630.1', '67991.2', '102671', '102810']",1016,16,7.0,9.0,"['1 each', '1 sandwich', '1 each', '1 slice', '1 slice', '1 each', '1 piece']"
17,breakfast,2022-03-10 07:30:00Z,"Breakfast on Thursday, March 10, 2022","[1030, 1027, 1032, 1002]",9,"['2032.23', '105904.3', '23375.1', '57569', '106424', '103333', '129895', '128444']",1017,4,4.0,0.0,"['1/2 each', '2 each', '2 slice', '1 plate']"
18,dinner,2022-03-10 16:30:00Z,"Dinner on Thursday, March 10, 2022","[1140, 1139, 1028, 1181, 1170, 1058, 1096, 1107, 1090, 1053, 1457]",9,"['66514', '28951', '110573', '28985', '31169.3', '5550', '104943', '103767', '16844.1', '33569.3', '31020', '35106.7', '45535', '80565.3', '114692.1', '114583', '105268', '63438', '14957', '47955.4', '46017.23', '43037.3', '102407', '44726.1', '82258.7', '14920', '103630.1', '67991.2', '102671', '102810', '63969', '1390', '1251', '82259', '62284.1', '62279', '63512.1', '48144.1', '14910', '48144.27', '22792.4', '1748', '43037.1', '43034.1', '46017.25', '63438', '13404.4', '62339', '57425', '13404', '47955.4', '14918', '24644.5', '66851.7', '47957.20', '47957.10', '62369', '62363', '103601']",1018,48,10.0,38.0,"['1/2 each', '4 ounce', '1 half', '1/2 sandwich', '3 each', '1 each', '1 slice', '1 slice', '1 each', '1 piece']"
19,lunch,2022-03-10 11:00:00Z,"Lunch on Thursday, March 10, 2022","[1284, 1289, 1222, 1259, 1302, 1307, 1204, 1135, 1057, 1113, 1071, 1457]",9,"['123384', '120978.11', '101498', '1813.13', '50861', '5864.1', '80589.5', '128118', '83803.1', '103392', '103772', '6962.6', '19437', '22656.1', '63969', '1390', '1251', '82259', '62284.1', '62279', '63512.1', '48144.1', '14910', '48144.27', '22792.4', '1748', '43037.1', '43034.1', '46017.25', '63438', '13404.4', '62339', '57425', '13404', '47955.4', '14918', '24644.5', '66851.7', '47957.20', '47957.10', '62369', '62363', '103601']",1019,31,3.0,28.0,"['1 serving(s)', '1 each', '14 each']"
20,afterlunch,2022-03-11 14:30:00Z,"Afterlunch on Friday, March 11, 2022",[1193],9,"['86527', '26924.1', '1301', '63438', '14957', '47955.4', '46017.23', '43037.3', '102407', '44726.1', '82258.7', '14920', '103643.1', '103574.3', '68050.2']",1020,14,5.0,9.0,"['1 each', '1 each', '1 slice', '1 slice', '1 slice']"
21,breakfast,2022-03-11 07:30:00Z,"Breakfast on Friday, March 11, 2022","[1030, 1021, 1029]",9,"['2032.23', '106402', '615.28', '5828', '5496.3', '8621', '610.22']",1021,4,3.0,1.0,"['1 each', '2 half', '2 each']"
22,dinner,2022-03-11 16:30:00Z,"Dinner on Friday, March 11, 2022","[1125, 1042, 1132, 1159, 1457, 1182, 1189, 1104, 1109, 1075, 1112, 1062, 1087, 1040, 1457]",9,"['103331', '104313', '102526', '45933', '102312', '13404', '3661', '112117', '3664.7', '1105', '29089.4', '102639', '103446.1', '12986.5', '104701', '36157', '47193', '28746', '100225.1', '100209.2', '5802', '47778.2', '105263', '100715.3', '32811', '34078', '63438', '14957', '47955.4', '46017.23', '43037.3', '102407', '44726.1', '82258.7', '14920', '63969', '1390', '1251', '82259', '62284.1', '62279', '63512.1', '48144.1', '14910', '48144.27', '22792.4', '1748', '43037.1', '43034.1', '46017.25', '63438', '13404.4', '62339', '57425', '13404', '47955.4', '14918', '24644.5', '66851.7', '47957.20', '47957.10', '62369', '62363', '103601']",1022,49,6.0,42.0,"['2 each', '2 each', '2 each', '2 ounce', '1 sandwich', '1/2 each']"
23,lunch,2022-03-11 11:00:00Z,"Lunch on Friday, March 11, 2022","[1240, 1081, 1275, 1014, 1293, 1074, 1292, 1054, 1211, 1062, 1087, 1457]",9,"['103865', '103420', '70499', '103422', '5168', '130555', '103834', '87663', '5427.42', '103930', '50923.10', '101946', '47778.2', '105263', '63969', '1390', '1251', '82259', '62284.1', '62279', '63512.1', '48144.1', '14910', '48144.27', '22792.4', '1748', '43037.1', '43034.1', '46017.25', '63438', '13404.4', '62339', '57425', '13404', '47955.4', '14918', '24644.5', '66851.7', '47957.20', '47957.10', '62369', '62363', '103601']",1023,31,1.0,29.0,['1/2 each']
24,afterlunch,2022-03-12 14:30:00Z,"Afterlunch on Saturday, March 12, 2022",[],9,"['102407', '44726.1', '82258.7', '14920']",1024,4,0.0,4.0,
25,breakfast,2022-03-12 07:30:00Z,"Breakfast on Saturday, March 12, 2022","[1030, 1023, 1018]",9,"['2032.23', '112291', '116941', '608', '39880', '48619.1']",1025,3,3.0,0.0,"['1 sandwich', '3 slice', '1 each']"
26,dinner,2022-03-12 16:30:00Z,"Dinner on Saturday, March 12, 2022","[1130, 1122, 1027, 1143, 1155, 1174, 1175, 1067, 1096, 1103, 1113, 1071, 1043]",9,"['4696.5', '21538', '106424', '102718', '9002.10', '103376', '103930', '35019.6', '14403.24', '138742.1', '31020', '43933', '19437', '22656.1', '15994', '138956', '103635', '63438', '14957', '47955.4', '46017.23', '43037.3', '102407', '44726.1', '82258.7', '14920']",1026,13,3.0,9.0,"['1 slice', '1/2 each', '1 slice']"
27,lunch,2022-03-12 11:00:00Z,"Lunch on Saturday, March 12, 2022","[1251, 1280, 1277, 1276, 1306, 1305, 1074, 1206, 1236, 1053]",9,"['4941', '103879', '103906', '63056', '102289', '47204', '112139', '49508.4', '10963', '5864.7', '58022.6', '103834', '94598.1', '43969', '80565.3']",1027,5,4.0,1.0,"['1 slice', '2 each', '1 each', '4 each']"
28,afterlunch,2022-03-13 14:30:00Z,"Afterlunch on Sunday, March 13, 2022",[],10,"['102407', '44726.1', '14920', '82258.7']",1028,4,0.0,4.0,
29,breakfast,2022-03-13 07:30:00Z,"Breakfast on Sunday, March 13, 2022","[1030, 1015, 1009, 1035, 1016]",10,"['2032.23', '31163.28', '18994.9', '134651', '1125.10', '5786.6', '611.3']",1029,2,2.0,0.0,"['2 each', '2 each']"
30,dinner,2022-03-13 16:30:00Z,"Dinner on Sunday, March 13, 2022","[1118, 1150, 1144, 1032, 1175, 1164, 1179, 1059, 1081, 1089, 1084, 1064, 1047, 1045]",10,"['4850', '35997.1', '59008.1', '102199', '103333', '35019.6', '139038', '35016.1', '106352', '103420', '103752', '17687', '103718.1', '102358', '98833', '100472', '63438', '14957', '47955.4', '46017.23', '43037.3', '102407', '14920', '44726.1', '82258.7', '103643.1', '102815', '103630.1']",1030,14,5.0,9.0,"['3 slice', '1 sandwich', '1 slice', '1 piece', '1 slice']"
31,lunch,2022-03-13 11:00:00Z,"Lunch on Sunday, March 13, 2022","[1267, 1222, 1260, 1263, 1187, 1304, 1218, 1155, 1084, 1064]",10,"['43964', '101498', '30018', '42395.1', '68265', '97343.1', '61478', '58022.6', '103523', '103836', '553.15', '9002.10', '17687', '103718.1']",1031,4,4.0,0.0,"['1/2 each', '1 serving(s)', '4 each', '1/2 each']"
32,afterlunch,2022-03-14 14:30:00Z,"Afterlunch on Monday, March 14, 2022","[1191, 1047]",10,"['21527', '49663.1', '98833', '63438', '14957', '47955.4', '46017.23', '43037.3', '102407', '44726.1', '82258.7', '14920', '103630.1', '103412', '103581.1']",1032,13,4.0,9.0,"['1/2 sandwich', '1 slice', '1 each', '1 piece']"
33,breakfast,2022-03-14 07:30:00Z,"Breakfast on Monday, March 14, 2022","[1030, 1031, 1037, 1013, 1022, 1004, 1003]",10,"['2032.23', '5595', '105032', '128369', '608', '106415', '78123.3', '139032', '128444']",1033,2,2.0,0.0,"['3 slice', '1 plate']"
34,dinner,2022-03-14 16:30:00Z,"Dinner on Monday, March 14, 2022","[1119, 1151, 1123, 1142, 1078, 1186, 1183, 1055, 1098, 1082, 1093, 1052, 1457]",10,"['102507', '18551.7', '109675', '138629', '5294.16', '79474', '103926', '102039', '26649.1', '102964', '108002.2', '525.21', '33992.71', '5326.1', '10514.9', '133176.1', '134256', '4503', '63438', '14957', '47955.4', '46017.23', '43037.3', '102407', '44726.1', '82258.7', '14920', '103630.1', '103412', '103581.1', '63969', '1390', '1251', '82259', '62284.1', '62279', '63512.1', '48144.1', '14910', '48144.27', '22792.4', '1748', '43037.1', '43034.1', '46017.25', '63438', '13404.4', '62339', '57425', '13404', '47955.4', '14918', '24644.5', '66851.7', '47957.20', '47957.10', '62369', '62363', '103601']",1034,46,8.0,38.0,"['1 slice', '1 serving(s)', '1/2 each', '1 sandwich', '1/2 each', '1 slice', '1 each', '1 piece']"
35,lunch,2022-03-14 11:00:00Z,"Lunch on Monday, March 14, 2022","[1264, 1261, 1285, 1239, 1245, 1268, 1300, 1299, 1225, 1222, 1210, 1082, 1093, 1457]",10,"['86422.3', '50894', '102616', '102690', '103731', '86904.2', '105460', '139413', '123763', '112288', '101498', '103731.2', '5326.1', '10514.9', '63969', '1390', '1251', '82259', '62284.1', '62279', '63512.1', '48144.1', '14910', '48144.27', '22792.4', '1748', '43037.1', '43034.1', '46017.25', '63438', '13404.4', '62339', '57425', '13404', '47955.4', '14918', '24644.5', '66851.7', '47957.20', '47957.10', '62369', '62363', '103601']",1035,29,1.0,28.0,['3 piece']
36,afterlunch,2022-03-15 14:30:00Z,"Afterlunch on Tuesday, March 15, 2022","[1192, 1198, 1199, 1201]",10,"['120206', '82157.15', '30876.8', '103749', '63438', '14957', '47955.4', '46017.23', '43037.3', '102407', '44726.1', '82258.7', '14920', '103643.1', '103329', '32830.2', '7857.2']",1036,13,4.0,9.0,"['1 slice', '1 slice', '1 slice', '1 each']"
37,breakfast,2022-03-15 07:30:00Z,"Breakfast on Tuesday, March 15, 2022","[1030, 1007, 1033, 1142, 1008, 1003]",10,"['2032.23', '17194.4', '4820.7', '122864', '114599', '138629', '29729.9', '139032', '128444']",1037,3,3.0,0.0,"['2 each', '2 each', '1 plate']"
38,dinner,2022-03-15 16:30:00Z,"Dinner on Tuesday, March 15, 2022","[1042, 1162, 1159, 1011, 1187, 1173, 1104, 1099, 1070, 1115, 1065, 1048, 1457]",10,"['48842', '23557', '102526', '12274.9', '102312', '105616', '68265', '76011.1', '12986.5', '62597', '102530', '43185.3', '102676', '35515.3', '87697', '28961.1', '2081', '63438', '14957', '47955.4', '46017.23', '43037.3', '102407', '44726.1', '82258.7', '14920', '103643.1', '103329', '32830.2', '7857.2', '63969', '1390', '1251', '82259', '62284.1', '62279', '63512.1', '48144.1', '14910', '48144.27', '22792.4', '1748', '43037.1', '43034.1', '46017.25', '63438', '13404.4', '62339', '57425', '13404', '47955.4', '14918', '24644.5', '66851.7', '47957.20', '47957.10', '62369', '62363', '103601']",1038,46,8.0,38.0,"['1 each', '1 each', '1 each', '1 serving(s)', '1 slice', '1 slice', '1 slice', '1 each']"
39,lunch,2022-03-15 11:00:00Z,"Lunch on Tuesday, March 15, 2022","[1247, 1271, 1288, 1282, 1291, 1309, 1209, 1229, 1234, 1115, 1065, 1457]",10,"['49443.5', '1354', '3407', '102520', '102356', '123906', '100715.1', '21775', '102764', '123177', '103446.3', '5721', '102676', '35515.3', '63969', '1390', '1251', '82259', '62284.1', '62279', '63512.1', '48144.1', '14910', '48144.27', '22792.4', '1748', '43037.1', '43034.1', '46017.25', '63438', '13404.4', '62339', '57425', '13404', '47955.4', '14918', '24644.5', '66851.7', '47957.20', '47957.10', '62369', '62363', '103601']",1039,31,3.0,28.0,"['1 each', '2 each', '1 oz portion']"
40,afterlunch,2022-03-16 14:30:00Z,"Afterlunch on Wednesday, March 16, 2022","[1203, 1194]",10,"['32415.4', '22637', '103920', '63438', '14957', '47955.4', '46017.23', '43037.3', '102407', '44726.1', '82258.7', '14920', '103574.1', '103616.1', '103580.1']",1040,13,4.0,9.0,"['1/2 sandwich', '1 slice', '1 slice', '1 piece']"
41,breakfast,2022-03-16 07:30:00Z,"Breakfast on Wednesday, March 16, 2022","[1030, 1036, 1026, 1001]",10,"['2032.23', '129558', '22593.7', '8735', '39880', '74516', '47130.6', '128444']",1041,4,4.0,0.0,"['2 each', '3 slice', '1 each', '1 plate']"
42,dinner,2022-03-16 16:30:00Z,"Dinner on Wednesday, March 16, 2022","[1161, 1124, 1138, 1134, 1131, 1184, 1185, 1054, 1101, 1029, 1073, 1095, 1044, 1457]",10,"['106574', '105613', '102422', '25735.9', '28644', '5864.1', '141713', '123726', '59000', '14935.35', '50923.10', '103816', '8621', '134987', '112583', '45178', '42392.8', '34113', '63438', '14957', '47955.4', '46017.23', '43037.3', '102407', '44726.1', '82258.7', '14920', '103574.1', '103616.1', '103580.1', '63969', '1390', '1251', '82259', '62284.1', '62279', '63512.1', '48144.1', '14910', '48144.27', '22792.4', '1748', '43037.1', '43034.1', '46017.25', '63438', '13404.4', '62339', '57425', '13404', '47955.4', '14918', '24644.5', '66851.7', '47957.20', '47957.10', '62369', '62363', '103601']",1042,45,7.0,38.0,"['1 each', '1 serving(s)', '1 each', '2 each', '1 slice', '1 slice', '1 piece']"
43,lunch,2022-03-16 11:00:00Z,"Lunch on Wednesday, March 16, 2022","[1255, 1262, 1287, 1253, 1258, 1252, 1213, 1214, 1232, 1205, 1095, 1457]",10,"['103924', '102094', '33225.1', '134325', '23463.4', '112154', '102994.15', '103607', '34595', '103448', '102743.2', '4792.1', '112583', '63969', '1390', '1251', '82259', '62284.1', '62279', '63512.1', '48144.1', '14910', '48144.27', '22792.4', '1748', '43037.1', '43034.1', '46017.25', '63438', '13404.4', '62339', '57425', '13404', '47955.4', '14918', '24644.5', '66851.7', '47957.20', '47957.10', '62369', '62363', '103601']",1043,30,2.0,28.0,"['1 each', '1 each']"
44,afterlunch,2022-03-17 14:30:00Z,"Afterlunch on Thursday, March 17, 2022","[1158, 1033]",10,"['120723', '103771', '114599', '63438', '14957', '47955.4', '46017.23', '43037.3', '102407', '44726.1', '82258.7', '14920', '103643.1', '103619.1', '103586.1', '106089.44']",1044,14,5.0,9.0,"['1 sandwich', '1 slice', '1 slice', '1 slice', '1/2 each']"
45,breakfast,2022-03-17 07:30:00Z,"Breakfast on Thursday, March 17, 2022","[1030, 1011, 1034, 1014, 1001]",10,"['2032.23', '105616', '142236', '57569', '1178.9', '103422', '47130.6', '128444']",1045,3,3.0,0.0,"['2 each', '2 slice', '1 plate']"
46,dinner,2022-03-17 16:30:00Z,"Dinner on Thursday, March 17, 2022","[1120, 1154, 1153, 1127, 1137, 1141, 1176, 1180, 1100, 1079, 1078, 1110, 1077, 1043, 1457]",10,"['102487.1', '21742', '82609.2', '105748', '103390', '61177', '135824', '28870', '75761.3', '27288', '117903.1', '5294.16', '35080.10', '111.1', '5541.16', '141888', '138956', '63438', '14957', '47955.4', '46017.23', '43037.3', '102407', '44726.1', '82258.7', '14920', '103643.1', '103619.1', '103586.1', '106089.44', '63969', '1390', '1251', '82259', '62284.1', '62279', '63512.1', '48144.1', '14910', '48144.27', '22792.4', '1748', '43037.1', '43034.1', '46017.25', '63438', '13404.4', '62339', '57425', '13404', '47955.4', '14918', '24644.5', '66851.7', '47957.20', '47957.10', '62369', '62363', '103601']",1046,44,7.0,37.0,"['1 serving(s)', '1 each', '1 each', '1 slice', '1 slice', '1 slice', '1/2 each']"
47,lunch,2022-03-17 11:00:00Z,"Lunch on Thursday, March 17, 2022","[1242, 1162, 1254, 1265, 1156, 1257, 1183, 1219, 1210, 1215, 1110, 1077, 1457]",10,"['106629', '12274.9', '19723.1', '102010', '22741.1', '18183.2', '144407', '103930', '130516', '102964', '105917', '103731.2', '61769.1', '35080.10', '111.1', '63969', '1390', '1251', '82259', '62284.1', '62279', '63512.1', '48144.1', '14910', '48144.27', '22792.4', '1748', '43037.1', '43034.1', '46017.25', '63438', '13404.4', '62339', '57425', '13404', '47955.4', '14918', '24644.5', '66851.7', '47957.20', '47957.10', '62369', '62363', '103601']",1047,31,2.0,28.0,"['4 each', '1 plate']"
48,afterlunch,2022-03-18 14:30:00Z,"Afterlunch on Friday, March 18, 2022",[],10,"['4451.23', '21182', '110034', '63438', '14957', '47955.4', '46017.23', '43037.3', '102407', '44726.1', '82258.7', '14920', '103630.1', '67979.3', '68050.7']",1048,15,6.0,9.0,"['1/2 sandwich', '1 each', '1 each', '1 slice', '1 slice', '1 slice']"
49,breakfast,2022-03-18 07:30:00Z,"Breakfast on Friday, March 18, 2022","[1030, 1039, 1027, 1024]",10,"['2032.23', '102750', '101631', '5828', '106424', '103955']",1049,2,2.0,0.0,"['2 half', '2 each']"
50,dinner,2022-03-18 16:30:00Z,"Dinner on Friday, March 18, 2022","[1158, 1029, 1171, 1112, 1026, 1056, 1085, 1046, 1457]",10,"['58134', '103771', '83580', '8621', '14450', '1261', '3368.6', '6951', '105264', '5802', '115088', '553.15', '74516', '55091', '34995', '3994.5', '765', '103635', '63438', '14957', '47955.4', '46017.23', '43037.3', '102407', '44726.1', '82258.7', '14920', '63969', '1390', '1251', '82259', '62284.1', '62279', '63512.1', '48144.1', '14910', '48144.27', '22792.4', '1748', '43037.1', '43034.1', '46017.25', '63438', '13404.4', '62339', '57425', '13404', '47955.4', '14918', '24644.5', '66851.7', '47957.20', '47957.10', '62369', '62363', '103601']",1050,47,6.0,41.0,"['1 serving(s)', '1 each', '2 wedge', '1/2 each', '1/2 each', '1 slice']"
51,lunch,2022-03-18 11:00:00Z,"Lunch on Friday, March 18, 2022","[1269, 1270, 1189, 1029, 1152, 1311, 1298, 1208, 1237, 1235, 1230, 1217, 1212, 1457]",10,"['5376', '6858', '103446.1', '8621', '8060.6', '102356', '48376.8', '103804', '5864.1', '47608.5', '47608.6', '103791', '49503.17', '5150.2', '74147.4', '63969', '1390', '1251', '82259', '62284.1', '62279', '63512.1', '48144.1', '14910', '48144.27', '22792.4', '1748', '43037.1', '43034.1', '46017.25', '63438', '13404.4', '62339', '57425', '13404', '47955.4', '14918', '24644.5', '66851.7', '47957.20', '47957.10', '62369', '62363', '103601']",1051,30,2.0,28.0,"['1 each', '1 each']"
52,afterlunch,2022-03-19 14:30:00Z,"Afterlunch on Saturday, March 19, 2022",[],10,"['102407', '44726.1', '82258.7', '14920', '103643.1', '103897', '102802']",1052,7,3.0,4.0,"['1 slice', '1 slice', '1 piece']"
53,breakfast,2022-03-19 07:30:00Z,"Breakfast on Saturday, March 19, 2022","[1030, 1021, 1029, 1006]",10,"['2032.23', '128116', '122864', '5496.3', '8621', '92347']",1053,2,2.0,0.0,"['1 each', '2 each']"
54,dinner,2022-03-19 16:30:00Z,"Dinner on Saturday, March 19, 2022","[1146, 1133, 1148, 1121, 1190, 1138, 1106, 1042, 1088, 1083, 1060, 1034]",10,"['124682', '102068', '102368', '33992.116', '103183', '33843.7', '56881.11', '102422', '40779.2', '102526', '1008', '36001', '18398', '10958', '1178.9', '74678.5', '63438', '14957', '47955.4', '46017.23', '43037.3', '102407', '44726.1', '82258.7', '14920']",1054,13,4.0,9.0,"['1 plate', '1 serving(s)', '1 each', '1 each']"
55,lunch,2022-03-19 11:00:00Z,"Lunch on Saturday, March 19, 2022","[1273, 1274, 1246, 1241, 1028, 1308, 1297, 1098, 1221, 1207, 1238, 1083, 1060]",10,"['122828.2', '8968.5', '80411', '139259', '31169.3', '103497.1', '7901', '33992.71', '111769', '4831', '3978', '36001', '18398']",1055,0,,,
56,afterlunch,2022-03-20 14:30:00Z,"Afterlunch on Sunday, March 20, 2022",[],11,"['102407', '44726.1', '14920', '82258.7']",1056,4,0.0,4.0,
57,breakfast,2022-03-20 07:30:00Z,"Breakfast on Sunday, March 20, 2022","[1030, 1037, 1025]",11,"['2032.23', '32972.1', '105032', '4864', '103832', '1125.10', '68467.1']",1057,4,1.0,3.0,['2 each']
58,dinner,2022-03-20 16:30:00Z,"Dinner on Sunday, March 20, 2022","[1287, 1211, 1289, 1284, 1138, 1047, 1050]",11,"['5183', '18249', '33225.1', '101946', '1512.12', '120978.11', '129403', '5864.7', '123384', '102422', '42395', '118009.1', '118053', '49200.1', '98833', '35685', '63438', '14957', '47955.4', '46017.23', '43037.3', '102407', '14920', '44726.1', '82258.7', '103630.1', '103411', '103644.1']",1058,21,5.0,16.0,"['1 each', '1 sandwich', '1 slice', '1 slice', '1 slice']"
59,lunch,2022-03-20 11:00:00Z,"Lunch on Sunday, March 20, 2022","[1449, 1456, 1276, 1099, 1029]",11,"['725', '41001.12', '102293', '102303', '102289', '3872.17', '100715.2', '41510.3', '35996.5', '18068.2', '778.5', '102530', '8621', '12753.10', '38709.1']",1059,10,0.0,10.0,
60,afterlunch,2022-03-21 14:30:00Z,"Afterlunch on Monday, March 21, 2022","[1436, 1433]",11,"['36694.2', '8414.39', '45858', '63438', '14957', '47955.4', '46017.23', '43037.3', '102407', '44726.1', '82258.7', '14920', '103643.1', '102324', '103586.1']",1060,13,3.0,10.0,"['1/2 sandwich', '1 slice', '1 slice']"
61,breakfast,2022-03-21 07:30:00Z,"Breakfast on Monday, March 21, 2022","[1030, 1020, 1017, 1000]",11,"['2032.23', '76164.5', '3619', '8735', '8018.19', '5480.6', '3308.1', '47130.4', '128444']",1061,5,3.0,2.0,"['3 each', '3 slice', '1 plate']"
62,dinner,2022-03-21 16:30:00Z,"Dinner on Monday, March 21, 2022","[1285, 1239, 1300, 1457]",11,"['4001.3', '102616', '102690', '103915', '49739', '78386.3', '128128', '105460', '114038', '9630.11', '68471.2', '28068', '49477', '4644', '1462.11', '30876', '135004', '63438', '14957', '47955.4', '46017.23', '43037.3', '102407', '44726.1', '82258.7', '14920', '103643.1', '102324', '103586.1', '63969', '1390', '1251', '82259', '62284.1', '62279', '63512.1', '48144.1', '14910', '48144.27', '22792.4', '1748', '43037.1', '43034.1', '46017.25', '63438', '13404.4', '62339', '57425', '13404', '47955.4', '14918', '24644.5', '66851.7', '47957.20', '47957.10', '62369', '62363', '103601']",1062,54,6.0,48.0,"['4 ounce', '1/2 sandwich', '4 ounce', '1 serving(s)', '1 slice', '1 slice']"
63,lunch,2022-03-21 11:00:00Z,"Lunch on Monday, March 21, 2022","[1024, 1394, 1112, 1457]",11,"['103963', '102355', '33795.4', '19571.8', '103955', '32974.7', '28655', '5401.9', '80829', '143820.2', '25821.7', '5802', '100209.2', '49477', '4644', '63969', '1390', '1251', '82259', '62284.1', '62279', '63512.1', '48144.1', '14910', '48144.27', '22792.4', '1748', '43037.1', '43034.1', '46017.25', '63438', '13404.4', '62339', '57425', '13404', '47955.4', '14918', '24644.5', '66851.7', '47957.20', '47957.10', '62369', '62363', '103601']",1063,40,0.0,40.0,
64,afterlunch,2022-03-22 14:30:00Z,"Afterlunch on Tuesday, March 22, 2022",[],11,"['47527.3', '138463', '26162', '102407', '44726.1', '82258.7', '14920', '103574.1', '103896', '37472', '67988', '141949.171']",1064,12,8.0,4.0,"['6 each', '1/2 each', '1 serving(s)', '1 slice', '1 slice', '1 sandwich', '1 slice', '1 sandwich']"
65,breakfast,2022-03-22 07:30:00Z,"Breakfast on Tuesday, March 22, 2022","[1030, 1037, 1034, 1011, 1000]",11,"['2032.23', '23378.4', '105032', '616', '5828', '1178.9', '105616', '47130.4', '128444']",1065,4,4.0,0.0,"['1 each', '2 each', '2 each', '1 plate']"
66,dinner,2022-03-22 16:30:00Z,"Dinner on Tuesday, March 22, 2022","[1396, 1410, 1406, 1389, 1028, 1414, 1243, 1303, 1271, 1135, 1344, 1364, 1327, 1457]",11,"['19368.53', '1120.3', '8965', '138462', '31169.3', '103377.1', '139280', '102648', '9630.11', '1354', '103772', '1486.9', '17727.2', '785.1', '42004.1', '89624.4', '102407', '44726.1', '82258.7', '14920', '103574.1', '103896', '103629.1', '102809', '14387', '6867', '102663', '29124.1', '113581.1', '63969', '1390', '1251', '82259', '62284.1', '62279', '63512.1', '48144.1', '14910', '48144.27', '22792.4', '1748', '43037.1', '43034.1', '46017.25', '63438', '13404.4', '62339', '57425', '13404', '47955.4', '14918', '24644.5', '66851.7', '47957.20', '47957.10', '62369', '62363', '103601']",1066,44,8.0,36.0,"['4 ounce', '1 serving(s)', '1 each', '1 slice', '1 slice', '1 slice', '1 piece', '1 sandwich']"
67,lunch,2022-03-22 11:00:00Z,"Lunch on Tuesday, March 22, 2022","[1486, 1238, 1472, 1474, 1500, 1514, 1107, 1442, 1452, 1464, 1132, 1179, 1457]",11,"['138913', '3978', '49762.1', '108470', '36567', '47204', '103377', '106420', '35106.7', '138735', '8971', '1522.3', '45933', '35016.1', '14387', '6867', '102663', '29124.1', '63969', '1390', '1251', '82259', '62284.1', '62279', '63512.1', '48144.1', '14910', '48144.27', '22792.4', '1748', '43037.1', '43034.1', '46017.25', '63438', '13404.4', '62339', '57425', '13404', '47955.4', '14918', '24644.5', '66851.7', '47957.20', '47957.10', '62369', '62363', '103601']",1067,34,2.0,32.0,"['1 each', '2 each']"
68,afterlunch,2022-03-23 14:30:00Z,"Afterlunch on Wednesday, March 23, 2022","[1437, 1436, 1434]",11,"['114398', '8414.39', '5294.10', '102407', '44726.1', '82258.7', '14920', '103643.1', '102802', '103897', '4515.3']",1068,8,4.0,4.0,"['1 slice', '1 piece', '1 slice', '1 sandwich']"
69,breakfast,2022-03-23 07:30:00Z,"Breakfast on Wednesday, March 23, 2022","[1030, 1012, 1019, 1245, 1002]",11,"['2032.23', '18451.22', '22593.7', '608', '568.7', '103731', '129895', '128444']",1069,3,3.0,0.0,"['2 each', '3 slice', '1 plate']"
70,dinner,2022-03-23 16:30:00Z,"Dinner on Wednesday, March 23, 2022","[1393, 1412, 1397, 1374, 1405, 1373, 1415, 1383, 1042, 1284, 1049, 1356, 1362, 1339, 1051, 1041, 1457]",11,"['16856.71', '32393.1', '8248', '102295', '102288', '4746', '76164.2', '102498', '102526', '103492', '123384', '22663.6', '23896.3', '84439', '117872', '768', '103771.4', '102407', '44726.1', '82258.7', '14920', '103643.1', '102802', '103897', '14387', '6867', '102663', '29124.1', '121472', '63969', '1390', '1251', '82259', '62284.1', '62279', '63512.1', '48144.1', '14910', '48144.27', '22792.4', '1748', '43037.1', '43034.1', '46017.25', '63438', '13404.4', '62339', '57425', '13404', '47955.4', '14918', '24644.5', '66851.7', '47957.20', '47957.10', '62369', '62363', '103601']",1070,41,5.0,36.0,"['1 each', '1 slice', '1 piece', '1 slice', '1 sandwich']"
71,lunch,2022-03-23 11:00:00Z,"Lunch on Wednesday, March 23, 2022","[1465, 1478, 1477, 1483, 1479, 1502, 1498, 1462, 1140, 1201, 1463, 1446, 1352, 1457]",11,"['45381.1', '3587', '97644', '14455', '518.1', '41001.10', '65371.3', '38405', '101976', '66514', '103749', '61318.4', '102505', '10664.6', '14387', '6867', '102663', '29124.1', '63969', '1390', '1251', '82259', '62284.1', '62279', '63512.1', '48144.1', '14910', '48144.27', '22792.4', '1748', '43037.1', '43034.1', '46017.25', '63438', '13404.4', '62339', '57425', '13404', '47955.4', '14918', '24644.5', '66851.7', '47957.20', '47957.10', '62369', '62363', '103601']",1071,33,0.0,32.0,
72,afterlunch,2022-03-24 14:30:00Z,"Afterlunch on Thursday, March 24, 2022",[1202],11,"['37320', '138954', '27213', '102407', '44726.1', '82258.7', '14920', '103630.1', '103581.1', '102453', '102810', '103486.1']",1072,11,7.0,4.0,"['1 sandwich', '1 each', '1 slice', '1 piece', '1 slice', '1 piece', '1 each']"
73,breakfast,2022-03-24 07:30:00Z,"Breakfast on Thursday, March 24, 2022","[1030, 1314, 1027, 1032, 1002]",11,"['2032.23', '129218.7', '101631', '5303', '106424', '103333', '129895', '128444']",1073,3,3.0,0.0,"['1 each', '2 half', '1 plate']"
74,dinner,2022-03-24 16:30:00Z,"Dinner on Thursday, March 24, 2022","[1403, 1379, 1385, 1380, 1384, 1375, 1425, 1274, 1347, 1361, 1366, 1205, 1358, 1328, 1329, 1457]",11,"['25091.8', '46092.6', '117005', '4955.4', '102096.2', '41844', '23414.3', '8968.5', '31350.5', '16856.47', '103800', '102775', '4792.1', '45934', '19309.3', '29670', '120729', '102407', '44726.1', '82258.7', '14920', '103630.1', '103581.1', '102453', '102810', '14387', '6867', '102663', '29124.1', '24779', '63969', '1390', '1251', '82259', '62284.1', '62279', '63512.1', '48144.1', '14910', '48144.27', '22792.4', '1748', '43037.1', '43034.1', '46017.25', '63438', '13404.4', '62339', '57425', '13404', '47955.4', '14918', '24644.5', '66851.7', '47957.20', '47957.10', '62369', '62363', '103601']",1074,43,7.0,36.0,"['5 each', '1 each', '1 slice', '1 piece', '1 slice', '1 piece', '1 sandwich']"
75,lunch,2022-03-24 11:00:00Z,"Lunch on Thursday, March 24, 2022","[1490, 1469, 1491, 1288, 1282, 1518, 1451, 1042, 1461, 1362, 1205, 1457]",11,"['66723', '17949', '33992.64', '3407', '79439', '128129', '102520', '141537', '102495', '47193', '102526', '1120.4', '84439', '4792.1', '14387', '6867', '102663', '29124.1', '63969', '1390', '1251', '82259', '62284.1', '62279', '63512.1', '48144.1', '14910', '48144.27', '22792.4', '1748', '43037.1', '43034.1', '46017.25', '63438', '13404.4', '62339', '57425', '13404', '47955.4', '14918', '24644.5', '66851.7', '47957.20', '47957.10', '62369', '62363', '103601']",1075,35,3.0,32.0,"['1 piece', '1 each', '2 each']"
76,afterlunch,2022-03-25 14:30:00Z,"Afterlunch on Friday, March 25, 2022",[1193],11,"['86527', '26924.1', '102407', '44726.1', '82258.7', '14920', '103643.1', '102671', '68050.4', '37140.2']",1076,9,5.0,4.0,"['1 each', '1 slice', '1 each', '1 slice', '1 each']"
77,breakfast,2022-03-25 07:30:00Z,"Breakfast on Friday, March 25, 2022","[1030, 1033, 1029, 1016]",11,"['2032.23', '129218.1', '86831', '5828', '114599', '8621', '611.3']",1077,3,3.0,0.0,"['1 each', '1 each', '2 each']"
78,dinner,2022-03-25 16:30:00Z,"Dinner on Friday, March 25, 2022","[1042, 1383, 1276, 1432, 1417, 1419, 1363, 1360, 1372, 1179, 1040, 1457]",11,"['105362.5', '112586', '102526', '102498', '102289', '100190.3', '41281.11', '22160', '60967.2', '10820.1', '122828.3', '103522', '110645', '35089', '35016.1', '100715.3', '32811', '66246.8', '68052', '102407', '44726.1', '82258.7', '14920', '103643.1', '102671', '68050.4', '14387', '6867', '102663', '29124.1', '103486.1', '63969', '1390', '1251', '82259', '62284.1', '62279', '63512.1', '48144.1', '14910', '48144.27', '22792.4', '1748', '43037.1', '43034.1', '46017.25', '63438', '13404.4', '62339', '57425', '13404', '47955.4', '14918', '24644.5', '66851.7', '47957.20', '47957.10', '62369', '62363', '103601']",1078,48,12.0,36.0,"['1 each', '1 each', '1/2 ucp', '3 oz portion', '1 each', '1 sandwich', '1 sandwich', '1 each', '1 slice', '1 each', '1 slice', '1 each']"
79,lunch,2022-03-25 11:00:00Z,"Lunch on Friday, March 25, 2022","[1141, 1021, 1470, 1522, 1508, 1458, 1460, 1456, 1344, 1364, 1457]",11,"['20764.14', '61177', '75890', '5496.3', '5859.11', '130431', '47482.1', '126355.3', '105740', '40429', '102303', '1486.9', '17727.2', '14387', '6867', '102663', '29124.1', '63969', '1390', '1251', '82259', '62284.1', '62279', '63512.1', '48144.1', '14910', '48144.27', '22792.4', '1748', '43037.1', '43034.1', '46017.25', '63438', '13404.4', '62339', '57425', '13404', '47955.4', '14918', '24644.5', '66851.7', '47957.20', '47957.10', '62369', '62363', '103601']",1079,35,3.0,32.0,"['1 each', '1 plate', '1 each']"
80,afterlunch,2022-03-26 14:30:00Z,"Afterlunch on Saturday, March 26, 2022",[],11,"['102407', '44726.1', '82258.7', '14920']",1080,4,0.0,4.0,
81,breakfast,2022-03-26 07:30:00Z,"Breakfast on Saturday, March 26, 2022","[1030, 1321, 1315, 1026]",11,"['2032.23', '129848', '138786', '78840.1', '43721', '74516']",1081,2,2.0,0.0,"['2 each', '2 slice']"
82,dinner,2022-03-26 16:30:00Z,"Dinner on Saturday, March 26, 2022","[1376, 1183, 1029, 1144, 1427, 1385, 1028, 1368, 1342, 1352, 1332, 1043]",11,"['31233.7', '129842.1', '102964', '8621', '102199', '79439', '54590', '117005', '31169.3', '110317.1', '57449.10', '553.15', '30398.3', '10664.6', '106421', '15994', '138956', '103635', '102407', '44726.1', '82258.7', '14920', '103574.1', '103624.1', '102801']",1082,13,9.0,4.0,"['1 slice', '1 piece', '1 each', '1/2 each', '1/2 each', '1 slice', '1 slice', '1 slice', '1 slice']"
83,lunch,2022-03-26 11:00:00Z,"Lunch on Saturday, March 26, 2022","[1158, 1484, 1032, 1276, 1184, 1152, 1513, 1453, 1074, 1098, 1444, 1332]",11,"['22587.7', '103771', '103326', '103333', '102289', '344.11', '123726', '8060.6', '59470', '5912.12', '103834', '33992.71', '102405', '106421']",1083,2,2.0,0.0,"['1 each', '1 ladle-2oz']"
84,afterlunch,2022-03-27 14:30:00Z,"Afterlunch on Sunday, March 27, 2022",[],12,"['102407', '44726.1', '14920', '82258.7']",1084,4,0.0,4.0,
85,breakfast,2022-03-27 07:30:00Z,"Breakfast on Sunday, March 27, 2022","[1030, 1037, 1316, 1034, 1028, 1008, 1404, 1317]",12,"['2032.23', '105032', '138787', '1125.10', '1178.9', '31169.3', '29729.9', '139524', '19214.2', '139278', '1125.10', '3619', '69553', '36205']",1085,6,6.0,0.0,"['2 each', '1 each', '2 each', '3 each', '1 each', '1 ladle-2oz']"
86,dinner,2022-03-27 16:30:00Z,"Dinner on Sunday, March 27, 2022","[1426, 1428, 1422, 1431, 1357, 1330, 1371, 1335, 1370, 1047, 1045]",12,"['2402.13', '103399', '123763.2', '140061', '119131.3', '18314.4', '103139', '62161', '102330.1', '102358', '98833', '100472', '129140', '102407', '14920', '44726.1', '82258.7', '103643.1', '102815', '103581.1']",1086,9,5.0,4.0,"['1 sandwich', '1 sandwich', '1 slice', '1 piece', '1 piece']"
87,lunch,2022-03-27 11:00:00Z,"Lunch on Sunday, March 27, 2022","[1475, 1468, 1383, 1492, 1302, 1450, 1054, 1454, 1335, 1370]",12,"['103695', '16861.2', '110115.2', '102498', '103200', '1105', '105622', '80589.5', '87637', '85896', '2296', '10632.5', '50923.10', '94796.1', '62161', '102330.1']",1087,6,3.0,0.0,"['1 serving(s)', '1 ladle-2oz', '1 each']"
88,afterlunch,2022-03-28 14:30:00Z,"Afterlunch on Monday, March 28, 2022","[1191, 1047]",12,"['49663.1', '21527', '98833', '102407', '44726.1', '82258.7', '14920', '103630.1', '103412', '112307', '4515.3']",1088,9,5.0,4.0,"['1/2 sandwich', '1 slice', '1 each', '1 slice', '1 sandwich']"
89,breakfast,2022-03-28 07:30:00Z,"Breakfast on Monday, March 28, 2022","[1030, 1319, 1037, 1317, 1324, 1003, 1398, 1411, 1222, 1381, 1409, 1394]",12,"['2032.23', '3652', '105032', '138894.6', '8735', '139278', '1011', '139032', '128444', '10895.16', '49508', '101498', '4957', '123728', '5401.9']",1089,3,3.0,0.0,"['2 each', '3 slice', '1 plate']"
90,dinner,2022-03-28 16:30:00Z,"Dinner on Monday, March 28, 2022","[1416, 1423, 1135, 1340, 1150, 1249, 1336, 1350, 1052, 1457]",12,"['123375', '22087.1', '103772', '106632', '59008.1', '16189.2', '112520', '120503', '133176.1', '134256', '4503', '102407', '44726.1', '82258.7', '14920', '103630.1', '103412', '112307', '14387', '6867', '102663', '29124.1', '4515.3', '63969', '1390', '1251', '82259', '62284.1', '62279', '63512.1', '48144.1', '14910', '48144.27', '22792.4', '1748', '43037.1', '43034.1', '46017.25', '63438', '13404.4', '62339', '57425', '13404', '47955.4', '14918', '24644.5', '66851.7', '47957.20', '47957.10', '62369', '62363', '103601']",1090,42,6.0,36.0,"['1 sandwich', '1/2 each', '1 slice', '1 each', '1 slice', '1 sandwich']"
91,lunch,2022-03-28 11:00:00Z,"Lunch on Monday, March 28, 2022","[1494, 1165, 1496, 1456, 1471, 1505, 1510, 1520, 1459, 1283, 1214, 1457, 1112, 1457]",12,"['16856.14', '38405.2', '102608', '102303', '106472', '97343.1', '28963.1', '3634.4', '123296', '1529', '104701.2', '103448', '13404', '5802', '100225.1', '15954.16', '14387', '6867', '102663', '29124.1', '63969', '1390', '1251', '82259', '62284.1', '62279', '63512.1', '48144.1', '14910', '48144.27', '22792.4', '1748', '43037.1', '43034.1', '46017.25', '63438', '13404.4', '62339', '57425', '13404', '47955.4', '14918', '24644.5', '66851.7', '47957.20', '47957.10', '62369', '62363', '103601']",1091,35,2.0,32.0,"['1/2 each', '2 ounce']"
92,afterlunch,2022-03-29 14:30:00Z,"Afterlunch on Tuesday, March 29, 2022","[1192, 1199, 1201]",12,"['120206', '30876.8', '103749', '6279', '102407', '44726.1', '82258.7', '14920', '103643.1', '103634.1', '103628.2', '7857.2', '113581.1']",1092,10,6.0,4.0,"['1 sandwich', '1 slice', '1 slice', '1 slice', '1 each', '1 sandwich']"
93,breakfast,2022-03-29 07:30:00Z,"Breakfast on Tuesday, March 29, 2022","[1030, 1320, 1033, 1325, 1003, 1377, 1408, 1386, 1152, 1378]",12,"['2032.23', '5457.1', '134654', '122864', '114599', '109492', '69553', '139032', '128444', '32588.3', '39732.7', '98217', '8060.6', '108890']",1093,4,4.0,0.0,"['2 each', '2 each', '1 each', '1 plate']"
94,dinner,2022-03-29 16:30:00Z,"Dinner on Tuesday, March 29, 2022","[1430, 1305, 1421, 1331, 1341, 1101, 1365, 1229, 1048, 1457]",12,"['103647', '10963', '118394', '6948', '47223', '103816', '95402', '103446.3', '28961.1', '2081', '1052.2', '102407', '44726.1', '82258.7', '14920', '103643.1', '103634.1', '103628.2', '7857.2', '14387', '6867', '102663', '29124.1', '113581.1', '63969', '1390', '1251', '82259', '62284.1', '62279', '63512.1', '48144.1', '14910', '48144.27', '22792.4', '1748', '43037.1', '43034.1', '46017.25', '63438', '13404.4', '62339', '57425', '13404', '47955.4', '14918', '24644.5', '66851.7', '47957.20', '47957.10', '62369', '62363', '103601']",1094,43,7.0,36.0,"['1 serving(s)', '1 serving(s)', '1 slice', '1 slice', '1 slice', '1 each', '1 sandwich']"
95,lunch,2022-03-29 11:00:00Z,"Lunch on Tuesday, March 29, 2022","[1485, 1493, 1029, 1501, 1504, 1438, 1042, 1049, 1350, 1229, 1457]",12,"['142272', '6938.3', '42004.3', '8621', '3872', '4916.3', '58730', '139328', '47064.1', '95398', '102526', '22663.6', '120503', '103446.3', '14387', '6867', '102663', '29124.1', '63969', '1390', '1251', '82259', '62284.1', '62279', '63512.1', '48144.1', '14910', '48144.27', '22792.4', '1748', '43037.1', '43034.1', '46017.25', '63438', '13404.4', '62339', '57425', '13404', '47955.4', '14918', '24644.5', '66851.7', '47957.20', '47957.10', '62369', '62363', '103601']",1095,36,4.0,32.0,"['1 each', '1 each', '1 ladle-2oz', '6 each']"
96,afterlunch,2022-03-30 14:30:00Z,"Afterlunch on Wednesday, March 30, 2022","[1203, 1194]",12,"['32415.4', '22637', '103920', '102407', '44726.1', '82258.7', '14920', '103574.1', '103620.1', '103644.1', '121472']",1096,9,5.0,4.0,"['1/2 sandwich', '1 slice', '1 slice', '1 slice', '1 sandwich']"
97,breakfast,2022-03-30 07:30:00Z,"Breakfast on Wednesday, March 30, 2022","[1030, 1313, 1027, 1028, 1001, 1273, 1246, 1366, 1401, 1388]",12,"['2032.23', '129565', '22593.7', '5828', '106424', '31169.3', '47130.6', '128444', '122828.2', '80411', '102775', '103697', '126854.1']",1097,3,3.0,0.0,"['2 each', '2 each', '1 plate']"
98,dinner,2022-03-30 16:30:00Z,"Dinner on Wednesday, March 30, 2022","[1424, 1429, 1334, 1304, 1355, 1351, 1044, 1457]",12,"['117879', '24580.4', '8621.22', '4929', '1307.10', '103523', '117998', '55837.1', '45178', '42392.8', '34113', '102407', '44726.1', '82258.7', '14920', '103574.1', '103620.1', '103644.1', '14387', '6867', '102663', '29124.1', '121472', '63969', '1390', '1251', '82259', '62284.1', '62279', '63512.1', '48144.1', '14910', '48144.27', '22792.4', '1748', '43037.1', '43034.1', '46017.25', '63438', '13404.4', '62339', '57425', '13404', '47955.4', '14918', '24644.5', '66851.7', '47957.20', '47957.10', '62369', '62363', '103601']",1098,44,8.0,36.0,"['2 each', '1/2 each', '1 each', '2 each', '1 slice', '1 slice', '1 slice', '1 sandwich']"
99,lunch,2022-03-30 11:00:00Z,"Lunch on Wednesday, March 30, 2022","[1466, 1188, 1487, 1497, 1481, 1516, 1415, 1506, 1449, 1361, 1448, 1439, 1351, 1457]",12,"['3555.17', '117004', '103930', '12946', '103782', '5360.7', '129963', '76164.2', '106468', '725', '103800', '105204', '83792.1', '55837.1', '14387', '6867', '102663', '29124.1', '63969', '1390', '1251', '82259', '62284.1', '62279', '63512.1', '48144.1', '14910', '48144.27', '22792.4', '1748', '43037.1', '43034.1', '46017.25', '63438', '13404.4', '62339', '57425', '13404', '47955.4', '14918', '24644.5', '66851.7', '47957.20', '47957.10', '62369', '62363', '103601']",1099,33,0.0,32.0,
100,afterlunch,2022-03-31 14:30:00Z,"Afterlunch on Thursday, March 31, 2022","[1158, 1033]",12,"['120723', '103771', '114599', '102407', '44726.1', '82258.7', '14920', '103643.1', '102671', '103586.1', '106089.46', '24779']",1100,10,6.0,4.0,"['1 sandwich', '1 slice', '1 each', '1 slice', '1/2 each', '1 sandwich']"
101,breakfast,2022-03-31 07:30:00Z,"Breakfast on Thursday, March 31, 2022","[1030, 1318, 1014, 1016, 1001, 1402, 1281, 1189, 1101]",12,"['2032.23', '139190', '3619', '57569', '39880', '103422', '611.3', '47130.6', '128444', '123369', '103494', '123072', '103446.1', '103816']",1101,5,5.0,0.0,"['3 each', '2 slice', '1 each', '1 plate', '1/2 each']"
102,dinner,2022-03-31 16:30:00Z,"Dinner on Thursday, March 31, 2022","[1266, 1420, 1413, 1367, 1078, 1335, 1353, 1043, 1457]",12,"['105645', '138566', '24210.1', '24468.9', '123446.3', '28232', '5294.16', '62161', '35831.1', '5541.16', '141888', '138956', '102407', '44726.1', '82258.7', '14920', '103643.1', '102671', '103586.1', '106089.46', '14387', '6867', '102663', '29124.1', '24779', '63969', '1390', '1251', '82259', '62284.1', '62279', '63512.1', '48144.1', '14910', '48144.27', '22792.4', '1748', '43037.1', '43034.1', '46017.25', '63438', '13404.4', '62339', '57425', '13404', '47955.4', '14918', '24644.5', '66851.7', '47957.20', '47957.10', '62369', '62363', '103601']",1102,45,8.0,36.0,"['2 each', '1 each', '1 each', '1 slice', '1 each', '1 slice', '1/2 each', '1 sandwich']"
103,lunch,2022-03-31 11:00:00Z,"Lunch on Thursday, March 31, 2022","[1488, 1489, 1495, 1243, 1099, 1499, 1515, 1517, 1511, 1443, 1445, 1253, 1335, 1353, 1457]",12,"['117901', '1514', '13417', '139280', '102530', '97343.1', '127978', '558.2', '28819', '139037', '103998', '78758', '134325', '62161', '35831.1', '14387', '6867', '102663', '29124.1', '63969', '1390', '1251', '82259', '62284.1', '62279', '63512.1', '48144.1', '14910', '48144.27', '22792.4', '1748', '43037.1', '43034.1', '46017.25', '63438', '13404.4', '62339', '57425', '13404', '47955.4', '14918', '24644.5', '66851.7', '47957.20', '47957.10', '62369', '62363', '103601']",1103,33,1.0,32.0,['1/2 each']
104,afterlunch,2022-04-01 14:30:00Z,"Afterlunch on Friday, April 01, 2022",[1435],12,"['4451.23', '21182', '110034', '129137', '102407', '44726.1', '82258.7', '14920', '103630.1', '102802', '68050.3', '103486.1']",1104,11,7.0,4.0,"['1/2 sandwich', '1 each', '1 each', '1 slice', '1 piece', '1 slice', '1 each']"
105,breakfast,2022-04-01 07:30:00Z,"Breakfast on Friday, April 01, 2022","[1030, 1031, 1322, 1024, 1407, 1392, 1387]",12,"['2032.23', '5595', '102399', '608', '139321', '103955', '69553', '51287.3', '105425', '29670.1', '30533.1', '104003', '69473']",1105,6,6.0,0.0,"['2 each', '3 slice', '1 each', '1 serving(s)', '1 each', '4 each']"
106,dinner,2022-04-01 16:30:00Z,"Dinner on Friday, April 01, 2022","[1383, 1349, 1079, 1276, 1333, 1338, 1046, 1457]",12,"['130471', '130443', '102498', '100231.1', '80005.2', '117903.1', '102289', '8081.2', '35092.3', '3994.5', '765', '103635', '102407', '44726.1', '82258.7', '14920', '14387', '6867', '102663', '29124.1', '103486.1', '63969', '1390', '1251', '82259', '62284.1', '62279', '63512.1', '48144.1', '14910', '48144.27', '22792.4', '1748', '43037.1', '43034.1', '46017.25', '63438', '13404.4', '62339', '57425', '13404', '47955.4', '14918', '24644.5', '66851.7', '47957.20', '47957.10', '62369', '62363', '103601']",1106,42,6.0,36.0,"['1 each', '2 each', '1 oz portion', '1/2 each', '1 slice', '1 each']"
107,lunch,2022-04-01 11:00:00Z,"Lunch on Friday, April 01, 2022","[1482, 1476, 1474, 1276, 1512, 1519, 1507, 1441, 1361, 1455, 1333, 1338, 1457]",12,"['23596.13', '103406', '106596', '36567', '102289', '27123', '103474', '18287', '33569.5', '103800', '74515', '8081.2', '35092.3', '14387', '6867', '102663', '29124.1', '63969', '1390', '1251', '82259', '62284.1', '62279', '63512.1', '48144.1', '14910', '48144.27', '22792.4', '1748', '43037.1', '43034.1', '46017.25', '63438', '13404.4', '62339', '57425', '13404', '47955.4', '14918', '24644.5', '66851.7', '47957.20', '47957.10', '62369', '62363', '103601']",1107,33,1.0,32.0,['1 piece']
108,afterlunch,2022-04-02 14:30:00Z,"Afterlunch on Saturday, April 02, 2022",[],12,"['102407', '44726.1', '82258.7', '14920', '103643.1', '103580.1', '102801']",1108,7,3.0,4.0,"['1 slice', '1 piece', '1 slice']"
109,breakfast,2022-04-02 07:30:00Z,"Breakfast on Saturday, April 02, 2022","[1030, 1323, 1029, 1017, 1390, 1382, 1399, 1135, 1139]",12,"['2032.23', '71291', '102510', '5828', '139272', '8621', '3308.1', '123292', '58730.3', '4489.5', '103772', '28951']",1109,3,3.0,0.0,"['1/2 sandwich', '2 each', '2 each']"
110,dinner,2022-04-02 16:30:00Z,"Dinner on Saturday, April 02, 2022","[1290, 1348, 1074, 1345, 1337, 1346, 1034]",12,"['93541.1', '104007', '83581', '33917', '103834', '119228.1', '5070.1', '104005', '10958', '1178.9', '102407', '44726.1', '82258.7', '14920']",1110,7,3.0,4.0,"['1 serving(s)', '1 slice', '1 each']"
111,lunch,2022-04-02 11:00:00Z,"Lunch on Saturday, April 02, 2022","[1480, 1473, 1467, 1028, 1418, 1521, 1509, 1292, 1440, 1462, 1222, 1337, 1339]",12,"['84777.26', '38115', '88694.1', '103495', '31169.3', '129401', '117594.1', '105418', '87663', '103954', '101976', '101498', '5070.1', '117872']",1111,1,1.0,0.0,['1 Scoop #8']
112,afterlunch,2022-04-03 14:30:00Z,"Afterlunch on Sunday, April 03, 2022",[],13,"['102407', '44726.1', '14920', '82258.7']",1112,4,0.0,4.0,
113,breakfast,2022-04-03 07:30:00Z,"Breakfast on Sunday, April 03, 2022","[1030, 1012, 1022, 1037, 1025]",13,"['2032.23', '18451.22', '616.22', '1125.10', '106415', '105032', '68467.1']",1113,2,2.0,0.0,"['2 each', '2 each']"
114,dinner,2022-04-03 16:30:00Z,"Dinner on Sunday, April 03, 2022","[1395, 1400, 1135, 1391, 1169, 1418, 1177, 1343, 1076, 1102, 1066, 1069, 1047, 1050]",13,"['129192.4', '7831.2', '12946.2', '103772', '103917.2', '138982', '129401', '123763.1', '4696', '102554', '103757', '10514.6', '9285.5', '49200.1', '98833', '35685', '102407', '44726.1', '14920', '82258.7', '103630.1', '103411', '103616.1']",1114,9,5.0,4.0,"['2 each', '1 sandwich', '1 slice', '1 slice', '1 slice']"
115,lunch,2022-04-03 11:00:00Z,"Lunch on Sunday, April 03, 2022","[1272, 1286, 1279, 1278, 1252, 1503, 1296, 1303, 1447, 1233, 1238, 1066, 1223]",13,"['102346', '102070', '102562', '102370', '103607', '78386.9', '137554.1', '102558', '102648', '27441', '999.6', '3978', '10514.6', '63057']",1115,1,2.0,0.0,"['2 each', '1 serving(s)']"
116,afterlunch,2022-04-04 14:30:00Z,"Afterlunch on Monday, April 04, 2022","[1436, 1433]",13,"['36694.2', '8414.39', '45858', '102407', '44726.1', '82258.7', '14920', '103643.1', '102800', '103644.1', '4515.3']",1116,9,5.0,4.0,"['1/2 sandwich', '1 slice', '1 slice', '1 slice', '1 sandwich']"
117,breakfast,2022-04-04 07:30:00Z,"Breakfast on Monday, April 04, 2022","[1030, 1038, 1326, 1020, 1008, 1000]",13,"['2032.23', '105904', '3619', '8735', '55937', '5480.6', '29729.9', '47130.4', '128444']",1117,3,3.0,0.0,"['3 each', '3 slice', '1 plate']"
118,dinner,2022-04-04 16:30:00Z,"Dinner on Monday, April 04, 2022","[1117, 1128, 1163, 1029, 1188, 1167, 1354, 1359, 1099, 1068, 1369, 1457]",13,"['103957.3', '11343.5', '128686', '8621', '142444', '117004', '103930', '4263.13', '101971', '967.1', '103274.1', '102530', '10518.2', '32332.1', '1462.11', '30876', '135004', '102407', '44726.1', '82258.7', '14920', '103643.1', '102800', '103644.1', '14387', '6867', '102663', '29124.1', '4515.3', '63969', '1390', '1251', '82259', '62284.1', '62279', '63512.1', '48144.1', '14910', '48144.27', '22792.4', '1748', '43037.1', '43034.1', '46017.25', '63438', '13404.4', '62339', '57425', '13404', '47955.4', '14918', '24644.5', '66851.7', '47957.20', '47957.10', '62369', '62363', '103601']",1118,46,9.0,36.0,"['1 slice', '1 each', '1/2 sandwich', '4 ounce', '1 serving(s)', '1 slice', '1 slice', '1 slice', '1 sandwich']"
119,lunch,2022-04-04 11:00:00Z,"Lunch on Monday, April 04, 2022","[1250, 1249, 1266, 1244, 1294, 1227, 1220, 1226, 1069, 1068, 1457]",13,"['4617', '118055', '16189.2', '23557', '105645', '117715', '49762', '105575', '41618.7', '102764', '32846', '102055.1', '2070.6', '9285.5', '10518.2', '14387', '6867', '102663', '29124.1', '63969', '1390', '1251', '82259', '62284.1', '62279', '63512.1', '48144.1', '14910', '48144.27', '22792.4', '1748', '43037.1', '43034.1', '46017.25', '63438', '13404.4', '62339', '57425', '13404', '47955.4', '14918', '24644.5', '66851.7', '47957.20', '47957.10', '62369', '62363', '103601']",1119,37,5.0,32.0,"['2 each', '1 each', '1 each', '1 each', '1 oz portion']"
